refit_pair,split_index,refit_index,split_seed,model,target_definition,target_column,unconditional_explanation_construction,n_train,n_source_id,n_target,n_explanation,id_prevalence,target_prevalence,id_weighted_prevalence,target_weighted_prevalence,id_auroc,target_auroc,delta_auroc,id_average_precision,target_average_precision,id_log_loss,target_log_loss,delta_log_loss,id_brier,target_brier,delta_brier,weighted_id_auroc,weighted_target_auroc,weighted_delta_auroc,weighted_id_log_loss,weighted_target_log_loss,weighted_delta_log_loss,null_abs_delta_auroc,shift_energy_u2,same_model_sample_null_energy_u2,refit_sample_null_energy_u2,calibrated_excess_u2,paired_refit_l2,class_macro_shift_u2,class_macro_sample_null_u2,class_macro_refit_null_u2,class_macro_excess_u2,class_weighted_shift_u2,class_weighted_refit_null_u2,class_weighted_excess_u2,class0_shift_u2,class1_shift_u2,class0_refit_null_u2,class1_refit_null_u2,class0_n,class1_n,class_weighting_prevalence,class_weighting_scheme,reverse_shift_energy_u2,reverse_refit_sample_null_energy_u2,reverse_calibrated_excess_u2,symmetrized_calibrated_excess_u2,symmetry_gap_u2,shift_js,null_js,paired_excess_js,shift_rank_tau,null_rank_tau,shift_top5_jaccard,null_top5_jaccard,shift_sign_consistency,null_sign_consistency,source_mean_attribution_l1,target_mean_attribution_l1,delta_mean_attribution_l1,max_additivity_error,silent_explanation_shift
0,0,0,2026073008,logistic,nominal_50k,TARGET_NOMINAL_50K,identical_across_target_definitions,90000,30000,60000,256,0.3999333333333333,0.5217666666666667,0.3804987201327973,0.5072176323605221,0.8796705396535094,0.8776559150269813,-0.0020146246265281,0.8192360819024018,0.8747572264931756,0.425173065047972,0.4840679479153366,0.0588948828673646,0.1377359007316753,0.1583765583444948,0.0206406576128194,0.8791568957146417,0.8733445582348152,-0.0058123374798265,0.4218037390620853,0.4934483130306869,0.0716445739686016,0.0002805016997332,0.0036425694594632,0.0054830660597201,0.0066352849308213,-0.002992715471358,0.0800281904848699,0.0004382658069037,-8.22746234757643e-06,0.0004979243745361,-5.965856763240352e-05,0.0003361901044478,0.0003913924537206,-5.520234927281365e-05,0.0026158807926305,-0.001739349178823,0.0027706053519341,-0.0017747566028618,122,102,0.5234375,target_prevalence,0.0052133694874941,0.0051705843337442,4.2785153749891336e-05,-0.001474965158804,-0.0030355006251079,0.0227301182430644,0.0417082070673075,-0.018978088824243,0.9555555555555554,0.9555555555555554,0.6666666666666666,0.6666666666666666,0.4045855385846151,0.4626466003128706,3.4581695752801025,3.6024848424505658,0.1443152671704632,2.664535259100376e-15,False
0,0,0,2026073008,logistic,real_2018_50k,TARGET_REAL_2018_50K,identical_across_target_definitions,90000,30000,60000,256,0.3999333333333333,0.4066333333333333,0.3804987201327973,0.3905306323339829,0.8796705396535094,0.8782404535816012,-0.0014300860719081,0.8192360819024018,0.8177782649396705,0.425173065047972,0.4294342795091051,0.0042612144611331,0.1377359007316753,0.1390276403523732,0.0012917396206979,0.8791568957146417,0.8750611664793952,-0.0040957292352464,0.4218037390620853,0.431166450832181,0.0093627117700957,0.0002805016997332,0.0036425694594632,0.0054830660597201,0.0066352849308213,-0.002992715471358,0.0800281904848699,0.0024536137105433,0.005401724128369,0.0052523845880395,-0.0027987708774961,0.0015743546067856,0.004726501010212,-0.0031521464034263,-0.0022357681761645,0.0071429955972512,0.0024476721729594,0.0080570970031195,152,102,0.40625,target_prevalence,0.0052133694874941,0.0051705843337442,4.2785153749891336e-05,-0.001474965158804,-0.0030355006251079,0.0227301182430644,0.0417082070673075,-0.018978088824243,0.9555555555555554,0.9555555555555554,0.6666666666666666,0.6666666666666666,0.4045855385846151,0.4626466003128706,3.4581695752801025,3.6024848424505658,0.1443152671704632,2.664535259100376e-15,False
0,0,0,2026073008,lightgbm,nominal_50k,TARGET_NOMINAL_50K,identical_across_target_definitions,90000,30000,60000,256,0.3999333333333333,0.5217666666666667,0.3804987201327973,0.5072176323605221,0.8828718147836327,0.8824830053147256,-0.0003888094689071,0.8291225360695478,0.8830649188923538,0.4191370749739436,0.4700660563333591,0.0509289813594154,0.1362869496787841,0.1548278730802436,0.0185409234014594,0.8819928998090648,0.8774616459059417,-0.0045312539031231,0.4161745662122835,0.4795872964737082,0.0634127302614246,3.233050044126884e-05,-0.0012803776141231,0.0010467412954465,0.0014179628450052,-0.0026983404591284,0.0641800480808946,0.0026363080401086,-0.0007127529553111,-0.0012820717813484,0.003918379821457,0.0026154298294154,-0.0013026500564253,0.0039180798858408,0.003081709868229,0.0021909062119881,-0.0008430685797063,-0.0017210749829904,122,102,0.5234375,target_prevalence,-0.0013438874634024,0.0013560578642027,-0.0026999453276052,-0.0026991428933668,1.6048684767788757e-06,0.0391294307423178,0.0384153570920284,0.0007140736502893,0.911111111111111,0.911111111111111,0.6666666666666666,0.6666666666666666,0.6881958850760695,0.631952695611567,3.039646554714458,2.99504619540246,-0.0446003593119983,4.090106031640062e-11,False
0,0,0,2026073008,lightgbm,real_2018_50k,TARGET_REAL_2018_50K,identical_across_target_definitions,90000,30000,60000,256,0.3999333333333333,0.4066333333333333,0.3804987201327973,0.3905306323339829,0.8828718147836327,0.8816819173670067,-0.001189897416626,0.8291225360695478,0.8297534307263112,0.4191370749739436,0.4224572820186567,0.003320207044713,0.1362869496787841,0.1373330880659112,0.0010461383871271,0.8819928998090648,0.8784941919590759,-0.0034987078499889,0.4161745662122835,0.4240033457976357,0.0078287795853522,3.233050044126884e-05,-0.0012803776141231,0.0010467412954465,0.0014179628450052,-0.0026983404591284,0.0641800480808946,-0.0016150961728277,-0.0018676861020607,-0.0017225537612041,0.0001074575883763,-0.0016756455975705,-0.0013509393951992,-0.0003247062023712,-0.0019380264381222,-0.0012921659075333,0.0002593895241553,-0.0037044970465637,152,102,0.40625,target_prevalence,-0.0013438874634024,0.0013560578642027,-0.0026999453276052,-0.0026991428933668,1.6048684767788757e-06,0.0391294307423178,0.0384153570920284,0.0007140736502893,0.911111111111111,0.911111111111111,0.6666666666666666,0.6666666666666666,0.6881958850760695,0.631952695611567,3.039646554714458,2.99504619540246,-0.0446003593119983,4.090106031640062e-11,False
1,0,1,2026073008,logistic,nominal_50k,TARGET_NOMINAL_50K,identical_across_target_definitions,90000,30000,60000,256,0.3999333333333333,0.5217666666666667,0.3804987201327973,0.5072176323605221,0.8803219462251968,0.8776853040569672,-0.0026366421682295,0.8206097705014219,0.8753982953088437,0.4241748084662791,0.4838068277765556,0.0596320193102765,0.1373183263461899,0.1580232919198874,0.0207049655736974,0.8795036214717545,0.8733613747707643,-0.0061422467009902,0.4213372392899541,0.4937107006821006,0.0723734613921465,0.0006237661467073,0.0010298455193484,0.0068762045909178,0.0057859049648975,-0.004756059445549,0.0638262750988171,0.0007776160813964,0.001464585573456,0.0003187411672826,0.0004588749141138,0.0006842402196139,0.0001043801130013,0.0005798601066125,0.0027696344660911,-0.0012144023032981,0.0048917769919505,-0.0042542946573852,122,102,0.5234375,target_prevalence,0.0017825274173348,0.0069938456073002,-0.0052113181899653,-0.0049836888177571,0.0004552587444163,0.0345901035963143,0.0561930341494977,-0.0216029305531834,0.9555555555555554,0.911111111111111,1.0,1.0,0.4435947405120479,0.5803530545860238,3.5100032816914206,3.618048757484237,0.1080454757928164,2.664535259100376e-15,False
1,0,1,2026073008,logistic,real_2018_50k,TARGET_REAL_2018_50K,identical_across_target_definitions,90000,30000,60000,256,0.3999333333333333,0.4066333333333333,0.3804987201327973,0.3905306323339829,0.8803219462251968,0.8790004335809012,-0.0013215126442955,0.8206097705014219,0.8193482514426658,0.4241748084662791,0.4283835530728316,0.0042087446065525,0.1373183263461899,0.1385391141333387,0.0012207877871487,0.8795036214717545,0.8759388936300716,-0.0035647278416829,0.4213372392899541,0.4300289805958162,0.008691741305862,0.0006237661467073,0.0010298455193484,0.0068762045909178,0.0057859049648975,-0.004756059445549,0.0638262750988171,0.0038625875928403,-0.0014858418324686,-0.0012427701379098,0.0051053577307501,0.0034052481345025,-0.0010717888660853,0.0044770370005879,0.001423443815039,0.0063017313706416,-0.0003308700215126,-0.002154670254307,152,102,0.40625,target_prevalence,0.0017825274173348,0.0069938456073002,-0.0052113181899653,-0.0049836888177571,0.0004552587444163,0.0345901035963143,0.0561930341494977,-0.0216029305531834,0.9555555555555554,0.911111111111111,1.0,1.0,0.4435947405120479,0.5803530545860238,3.5100032816914206,3.618048757484237,0.1080454757928164,2.664535259100376e-15,False
1,0,1,2026073008,lightgbm,nominal_50k,TARGET_NOMINAL_50K,identical_across_target_definitions,90000,30000,60000,256,0.3999333333333333,0.5217666666666667,0.3804987201327973,0.5072176323605221,0.8831924876973256,0.8825726435260146,-0.000619844171311,0.8305228748221058,0.8836628047408681,0.4188329495253289,0.4704682623022939,0.051635312776965,0.1361290347970773,0.1549861752382865,0.0188571404412092,0.8820977206103375,0.8778410203022565,-0.004256700308081,0.4160389315059941,0.4800143813892555,0.0639754498832614,0.0003849403741862,0.0030531104822627,0.0045291385548187,0.006221536766069,-0.0031684262838063,0.0663365884528692,-0.0011781412505564,-0.0013614147218746,-0.0001009305504674,-0.0010772107000889,-0.0011271695922596,2.1326642743575708e-05,-0.0011484962350032,-0.0022655366275537,-9.07458735590616e-05,-0.0027090840056359,0.002507222904701,122,102,0.5234375,target_prevalence,0.0030127730473419,0.0050626907915941,-0.0020499177442522,-0.0026091720140292,-0.001118508539554,0.0212026371155,0.0320123093605893,-0.0108096722450893,0.9555555555555554,1.0,0.6666666666666666,1.0,0.6037947533489267,0.5296441410087143,3.020065581253593,2.992821334763017,-0.0272442464905759,1.0387329885119811e-11,False
1,0,1,2026073008,lightgbm,real_2018_50k,TARGET_REAL_2018_50K,identical_across_target_definitions,90000,30000,60000,256,0.3999333333333333,0.4066333333333333,0.3804987201327973,0.3905306323339829,0.8831924876973256,0.8819830026791214,-0.0012094850182041,0.8305228748221058,0.8310417458324886,0.4188329495253289,0.4220095569059904,0.0031766073806615,0.1361290347970773,0.1372333931399083,0.001104358342831,0.8820977206103375,0.8789671850781798,-0.0031305355321576,0.4160389315059941,0.423210727561042,0.0071717960550478,0.0003849403741862,0.0030531104822627,0.0045291385548187,0.006221536766069,-0.0031684262838063,0.0663365884528692,0.0043244728654369,-0.0003622706662478,1.6920572410317192e-05,0.0043075522930266,0.0049417340847808,0.0002754116308549,0.0046663224539258,0.0076165327019375,0.0010324130289364,0.0013955395507816,-0.001361698405961,152,102,0.40625,target_prevalence,0.0030127730473419,0.0050626907915941,-0.0020499177442522,-0.0026091720140292,-0.001118508539554,0.0212026371155,0.0320123093605893,-0.0108096722450893,0.9555555555555554,1.0,0.6666666666666666,1.0,0.6037947533489267,0.5296441410087143,3.020065581253593,2.992821334763017,-0.0272442464905759,1.0387329885119811e-11,False
2,0,2,2026073008,logistic,nominal_50k,TARGET_NOMINAL_50K,identical_across_target_definitions,90000,30000,60000,256,0.3999333333333333,0.5217666666666667,0.3804987201327973,0.5072176323605221,0.8803889638385275,0.8773629420210857,-0.0030260218174418,0.8213770900131288,0.875116947708224,0.4240768756785585,0.4853545509544472,0.0612776752758886,0.1372366834070831,0.1586008681060088,0.0213641846989257,0.8796839982326982,0.8733048746184848,-0.0063791236142133,0.4210469556530418,0.4951585466954649,0.074111591042423,6.857788522673935e-05,-0.0001063656408248,0.0002755823139027,0.0001977011768476,-0.0003040668176725,0.0636370459867819,0.0010783717424976,0.0010238900804955,0.0011002738326748,-2.1902090177217115e-05,0.0011644188636621,0.0010357044327174,0.0001287144309446,-0.0007573001756783,0.0029140436606736,0.0024777543650995,-0.0002772066997498,122,102,0.5234375,target_prevalence,-0.0006916991892215,0.000302407095199,-0.0009941062844205,-0.0006490865510465,0.0006900394667479,0.0345081050573655,0.0599879510157112,-0.0254798459583456,0.911111111111111,0.9555555555555554,1.0,1.0,0.7351352413335045,0.3277300694809753,3.6011794605173053,3.702991445759223,0.1018119852419174,2.664535259100376e-15,False
2,0,2,2026073008,logistic,real_2018_50k,TARGET_REAL_2018_50K,identical_across_target_definitions,90000,30000,60000,256,0.3999333333333333,0.4066333333333333,0.3804987201327973,0.3905306323339829,0.8803889638385275,0.8785791918265491,-0.0018097720119784,0.8213770900131288,0.8195774734693944,0.4240768756785585,0.4287724148164287,0.0046955391378702,0.1372366834070831,0.1388795838381213,0.0016429004310382,0.8796839982326982,0.8759304339896117,-0.0037535642430864,0.4210469556530418,0.4297809217174064,0.0087339660643645,6.857788522673935e-05,-0.0001063656408248,0.0002755823139027,0.0001977011768476,-0.0003040668176725,0.0636370459867819,0.0002822484082973,-0.0024270922211606,-0.0020347843980055,0.0023170328063029,0.0008104087636364,-0.0020502246326935,0.0028606333963299,0.0030991036367722,-0.0025346068201774,-0.0021171323163416,-0.0019524364796693,152,102,0.40625,target_prevalence,-0.0006916991892215,0.000302407095199,-0.0009941062844205,-0.0006490865510465,0.0006900394667479,0.0345081050573655,0.0599879510157112,-0.0254798459583456,0.911111111111111,0.9555555555555554,1.0,1.0,0.7351352413335045,0.3277300694809753,3.6011794605173053,3.702991445759223,0.1018119852419174,2.664535259100376e-15,False
2,0,2,2026073008,lightgbm,nominal_50k,TARGET_NOMINAL_50K,identical_across_target_definitions,90000,30000,60000,256,0.3999333333333333,0.5217666666666667,0.3804987201327973,0.5072176323605221,0.8825185683004346,0.881701247098106,-0.0008173212023285,0.8296415858561509,0.8823458939966318,0.419795667147182,0.4726034181590526,0.0528077510118705,0.1365092719621076,0.1555110642048785,0.0190017922427709,0.881275461185447,0.8765277923205975,-0.0047476688648494,0.4171335077668877,0.4824442647069287,0.0653107569400409,0.000518554281137,-6.397745037589608e-05,0.0016501860765836,0.0018879058413137,-0.0019518832916896,0.0644402426774344,0.0045226677055241,0.0014095051419006,0.0014557823912116,0.0030668853143125,0.004314207828,0.0015130391030795,0.0028011687249204,0.0089698117593727,7.552365167562414e-05,0.0002343058713629,0.0026772589110602,122,102,0.5234375,target_prevalence,0.0002329575365892,0.0012724884847127,-0.0010395309481234,-0.0014957071199065,-0.0009123523435661,0.0339556982721197,0.0350277711934394,-0.0010720729213196,0.911111111111111,0.9555555555555554,0.6666666666666666,0.6666666666666666,0.5209644889849607,0.8243130854655826,3.0443089866253583,3.099487614264405,0.0551786276390471,1.4097611966690238e-11,False
2,0,2,2026073008,lightgbm,real_2018_50k,TARGET_REAL_2018_50K,identical_across_target_definitions,90000,30000,60000,256,0.3999333333333333,0.4066333333333333,0.3804987201327973,0.3905306323339829,0.8825185683004346,0.8814481603018322,-0.0010704079986024,0.8296415858561509,0.8297936899837932,0.419795667147182,0.4229730973367108,0.0031774301895287,0.1365092719621076,0.1375247729725065,0.0010155010103988,0.881275461185447,0.8784528589705303,-0.0028226022149167,0.4171335077668877,0.4240548886567648,0.006921380889877,0.000518554281137,-6.397745037589608e-05,0.0016501860765836,0.0018879058413137,-0.0019518832916896,0.0644402426774344,-0.0002094126709977,-0.0011149590339646,-0.0008661953008317,0.000656782629834,-0.00055091064746,-0.0006165982933595,6.568764589954569e-05,-0.0020307352121301,0.0016119098701347,0.0004649887390199,-0.0021973793406834,152,102,0.40625,target_prevalence,0.0002329575365892,0.0012724884847127,-0.0010395309481234,-0.0014957071199065,-0.0009123523435661,0.0339556982721197,0.0350277711934394,-0.0010720729213196,0.911111111111111,0.9555555555555554,0.6666666666666666,0.6666666666666666,0.5209644889849607,0.8243130854655826,3.0443089866253583,3.099487614264405,0.0551786276390471,1.4097611966690238e-11,False
3,0,3,2026073008,logistic,nominal_50k,TARGET_NOMINAL_50K,identical_across_target_definitions,90000,30000,60000,256,0.3999333333333333,0.5217666666666667,0.3804987201327973,0.5072176323605221,0.8801643587637158,0.877665303931485,-0.0024990548322307,0.8199832117490432,0.874609070506981,0.4243432608907032,0.4837737333670703,0.059430472476367,0.1374236761464771,0.1583365782527529,0.0209129021062757,0.8794315505582118,0.8737730091395125,-0.0056585414186992,0.4213136092363924,0.4928906040974716,0.0715769948610791,7.810156264420609e-05,0.0008985596209288,0.0084119740848144,0.0075908702223251,-0.0066923106013963,0.0616882595123816,-0.0010349053134045,0.0003272262989659,-0.000258722132728,-0.0007761831806764,-0.0011137933869496,-0.0002625718537236,-0.000851221533226,0.0006480402555584,-0.0027178508823675,-0.0001765947514903,-0.0003408495139658,122,102,0.5234375,target_prevalence,0.0013770024086738,0.008076482888673,-0.0066994804799991,-0.0066958955406977,7.169878602830693e-06,0.0194574710599277,0.0342652864648277,-0.0148078154048999,0.911111111111111,0.9555555555555554,0.6666666666666666,0.6666666666666666,0.4344545616985579,0.297672853372433,3.5273699030308183,3.615885368508324,0.0885154654775055,2.220446049250313e-15,False
3,0,3,2026073008,logistic,real_2018_50k,TARGET_REAL_2018_50K,identical_across_target_definitions,90000,30000,60000,256,0.3999333333333333,0.4066333333333333,0.3804987201327973,0.3905306323339829,0.8801643587637158,0.8787470389904465,-0.0014173197732693,0.8199832117490432,0.8183682753012946,0.4243432608907032,0.4286004092136991,0.0042571483229958,0.1374236761464771,0.1387298063371898,0.0013061301907126,0.8794315505582118,0.8758796655978449,-0.0035518849603668,0.4213136092363924,0.429893669385716,0.0085800601493236,7.810156264420609e-05,0.0008985596209288,0.0084119740848144,0.0075908702223251,-0.0066923106013963,0.0616882595123816,0.0008281273951065,-0.0011715648661902,-0.0016221909090586,0.0024503183041652,0.001281762414497,-0.0018173907166676,0.0030991531311647,0.0032475141651893,-0.0015912593749761,-0.00266325654964,-0.0005811252684773,152,102,0.40625,target_prevalence,0.0013770024086738,0.008076482888673,-0.0066994804799991,-0.0066958955406977,7.169878602830693e-06,0.0194574710599277,0.0342652864648277,-0.0148078154048999,0.911111111111111,0.9555555555555554,0.6666666666666666,0.6666666666666666,0.4344545616985579,0.297672853372433,3.5273699030308183,3.615885368508324,0.0885154654775055,2.220446049250313e-15,False
3,0,3,2026073008,lightgbm,nominal_50k,TARGET_NOMINAL_50K,identical_across_target_definitions,90000,30000,60000,256,0.3999333333333333,0.5217666666666667,0.3804987201327973,0.5072176323605221,0.8828726967770932,0.88205228458942,-0.0008204121876732,0.8297827445394939,0.8835853173066981,0.4191511352667575,0.4733853800900855,0.054234244823328,0.1362429837512738,0.1557589514601765,0.0195159677089026,0.8815689602736667,0.8774159266090769,-0.0041530336645898,0.4165954201829787,0.4831523634057035,0.0665569432227248,0.0003115589812682,0.0054145533377294,0.0006201751036204,0.0006714968016691,0.0047430565360603,0.0594962216938126,0.011738941706722,0.0013147475095142,0.0012598546688885,0.0104790870378335,0.0114117136677508,0.0011921110982914,0.0102196025694594,0.018719806538106,0.004758076875338,0.0027050508416249,-0.0001853415038479,122,102,0.5234375,target_prevalence,0.0049013748104305,0.0008657575580716,0.0040356172523589,0.0043893368942096,0.0007074392837014,0.0182224465966295,0.0446547619160635,-0.0264323153194339,1.0,0.9555555555555554,1.0,1.0,0.3511266939494719,0.6969889561908927,3.0981792598016336,3.1839757670809483,0.0857965072793147,1.850608555287181e-11,False
3,0,3,2026073008,lightgbm,real_2018_50k,TARGET_REAL_2018_50K,identical_across_target_definitions,90000,30000,60000,256,0.3999333333333333,0.4066333333333333,0.3804987201327973,0.3905306323339829,0.8828726967770932,0.8809121309810537,-0.0019605657960395,0.8297827445394939,0.82999634133568,0.4191511352667575,0.4235632598982466,0.0044121246314891,0.1362429837512738,0.1377724094520839,0.0015294257008101,0.8815689602736667,0.8779098026678518,-0.0036591576058149,0.4165954201829787,0.4246453664646695,0.0080499462816908,0.0003115589812682,0.0054145533377294,0.0006201751036204,0.0006714968016691,0.0047430565360603,0.0594962216938126,-3.708071766456156e-05,-0.0021198735478508,-0.0018566505276155,0.0018195698099509,0.0003274840725532,-0.0017897645346475,0.0021172486072008,0.0019072648301636,-0.0019814262654928,-0.0014999252317864,-0.0022133758234446,152,102,0.40625,target_prevalence,0.0049013748104305,0.0008657575580716,0.0040356172523589,0.0043893368942096,0.0007074392837014,0.0182224465966295,0.0446547619160635,-0.0264323153194339,1.0,0.9555555555555554,1.0,1.0,0.3511266939494719,0.6969889561908927,3.0981792598016336,3.1839757670809483,0.0857965072793147,2.3249402403280328e-11,False
4,1,0,2026083008,logistic,nominal_50k,TARGET_NOMINAL_50K,identical_across_target_definitions,90000,30000,60000,256,0.3999333333333333,0.5217666666666667,0.3777579073135687,0.5072176323605221,0.87850066908348,0.8778995222550456,-0.0006011468284343,0.8165512599575541,0.8747705323859973,0.4277927253521698,0.4811038988020302,0.0533111734498604,0.1382915485323466,0.1570263680443309,0.0187348195119843,0.8793311623513651,0.8738130464121929,-0.0055181159391721,0.4214502086199607,0.4907583125475789,0.0693081039276182,0.0002101876069074,0.001770172493634,-0.0004084812148651,-0.000540253521082,0.002310426014716,0.0730798534401156,0.003267189262128,-0.0006200335679005,-0.0005242845295791,0.0037914737917071,0.0033130606812804,-0.0005386655321319,0.0038517262134124,0.0022885989868758,0.0042457795373802,-0.0002174898084522,-0.000831079250706,122,102,0.5234375,target_prevalence,0.0019387901182276,-0.0002584610473032,0.0021972511655308,0.0022538385901234,0.0001131748491852,0.0271507767746727,0.0224989421345432,0.0046518346401295,1.0,0.9555555555555554,1.0,1.0,0.6997743945007185,0.879124296145811,3.6269544748594855,3.678605695592769,0.0516512207332837,3.552713678800501e-15,False
4,1,0,2026083008,logistic,real_2018_50k,TARGET_REAL_2018_50K,identical_across_target_definitions,90000,30000,60000,256,0.3999333333333333,0.4066333333333333,0.3777579073135687,0.3905306323339829,0.87850066908348,0.8789093094770786,0.0004086403935985,0.8165512599575541,0.8182850885489996,0.4277927253521698,0.4288226652523694,0.0010299399001996,0.1382915485323466,0.1386830678577224,0.0003915193253758,0.8793311623513651,0.8759241892236753,-0.0034069731276897,0.4214502086199607,0.4302037384616469,0.0087535298416862,0.0002101876069074,0.001770172493634,-0.0004084812148651,-0.000540253521082,0.002310426014716,0.0730798534401156,0.0051754010544314,-9.59940604430276e-05,7.974733565785375e-06,0.0051674263208656,0.0041329598661536,6.544886293051791e-05,0.0040675110032231,-0.0003842852830502,0.0107350873919132,0.000314503423511,-0.0002985539563794,152,102,0.40625,target_prevalence,0.0019387901182276,-0.0002584610473032,0.0021972511655308,0.0022538385901234,0.0001131748491852,0.0271507767746727,0.0224989421345432,0.0046518346401295,1.0,0.9555555555555554,1.0,1.0,0.6997743945007185,0.879124296145811,3.6269544748594855,3.678605695592769,0.0516512207332837,3.552713678800501e-15,False
4,1,0,2026083008,lightgbm,nominal_50k,TARGET_NOMINAL_50K,identical_across_target_definitions,90000,30000,60000,256,0.3999333333333333,0.5217666666666667,0.3777579073135687,0.5072176323605221,0.8828953647035087,0.8830148187370793,0.0001194540335706,0.8278274401272461,0.8834980895323564,0.4196867631502892,0.4703906738524814,0.0507039107021922,0.1362800732857481,0.1546680361353922,0.0183879628496441,0.8845611229566878,0.8781357363481284,-0.0064253866085594,0.4122927739945899,0.4796845848139173,0.0673918108193273,0.0005509218206736,0.0009952957706513,0.0046462562990575,0.0038350034897427,-0.0028397077190913,0.062444620026934,0.0041329536752889,0.0026517509994277,0.0019983210004157,0.0021346326748731,0.0041844941021573,0.0022158197326139,0.0019686743695433,0.0030334245687629,0.0052324827818148,-0.0026416519531465,0.006638293953978,122,102,0.5234375,target_prevalence,0.0018961766803291,0.0054359365944339,-0.0035397599141048,-0.003189733816598,0.0007000521950134,0.0361684912265077,0.0304533246733641,0.0057151665531435,0.9555555555555554,1.0,0.6666666666666666,1.0,0.5777705829875214,0.5617816081747811,3.007882933327032,3.042580886862712,0.0346979535356801,7.916778343997066e-12,False
4,1,0,2026083008,lightgbm,real_2018_50k,TARGET_REAL_2018_50K,identical_across_target_definitions,90000,30000,60000,256,0.3999333333333333,0.4066333333333333,0.3777579073135687,0.3905306323339829,0.8828953647035087,0.8824068520251345,-0.0004885126783742,0.8278274401272461,0.8304449813687921,0.4196867631502892,0.4215954563237729,0.0019086931734837,0.1362800732857481,0.1369467636729795,0.0006666903872313,0.8845611229566878,0.8790317087631594,-0.0055294141935283,0.4122927739945899,0.4232713205644361,0.0109785465698461,0.0005509218206736,0.0009952957706513,0.0046462562990575,0.0038350034897427,-0.0028397077190913,0.062444620026934,0.0005169589029128,0.0001566133583464,0.0010548092616573,-0.0005378503587444,0.0001366612699921,0.0006761508147599,-0.0005394895447678,-0.0015112951393309,0.0025452129451566,-0.0009647024551285,0.0030743209784432,152,102,0.40625,target_prevalence,0.0018961766803291,0.0054359365944339,-0.0035397599141048,-0.003189733816598,0.0007000521950134,0.0361684912265077,0.0304533246733641,0.0057151665531435,0.9555555555555554,1.0,0.6666666666666666,1.0,0.5777705829875214,0.5617816081747811,3.007882933327032,3.042580886862712,0.0346979535356801,8.570033571686508e-12,False
5,1,1,2026083008,logistic,nominal_50k,TARGET_NOMINAL_50K,identical_across_target_definitions,90000,30000,60000,256,0.3999333333333333,0.5217666666666667,0.3777579073135687,0.5072176323605221,0.8782943428022731,0.8779726252406945,-0.0003217175615786,0.8165225501581908,0.8749206331645925,0.4277280387536544,0.4838948064248255,0.0561667676711711,0.1385105567817989,0.1580277474049803,0.0195171906231813,0.8795183281903097,0.8742863593775845,-0.0052319688127252,0.4207298193805925,0.4927928346024436,0.0720630152218511,0.0005650545505314,0.001067942269798,-0.0002915415241575,-0.0001348222783565,0.0012027645481546,0.0704687241045735,0.0016574400587037,-0.0003335181737552,-0.0002470269661958,0.0019044670248996,0.0015496528524045,-0.0004303711990683,0.0019800240514728,0.0039569004597543,-0.0006420203423468,0.0036643166684167,-0.0041583706008084,122,102,0.5234375,target_prevalence,0.0018230816577,-6.016537720754389e-05,0.0018832470349076,0.0015430057915311,-0.000680482486753,0.0309480581125917,0.0268443194768237,0.004103738635768,1.0,0.9555555555555554,1.0,1.0,0.5861212920017177,0.7427764085442651,3.512014329480148,3.589075094809794,0.0770607653296457,1.7763568394002505e-15,True
5,1,1,2026083008,logistic,real_2018_50k,TARGET_REAL_2018_50K,identical_across_target_definitions,90000,30000,60000,256,0.3999333333333333,0.4066333333333333,0.3777579073135687,0.3905306323339829,0.8782943428022731,0.8788840382874307,0.0005896954851575,0.8165225501581908,0.8185285940702611,0.4277280387536544,0.4285633416937264,0.000835302940072,0.1385105567817989,0.1386372037724923,0.0001266469906933,0.8795183281903097,0.8761219533836173,-0.0033963748066924,0.4207298193805925,0.4295802731177206,0.0088504537371281,0.0005650545505314,0.001067942269798,-0.0002915415241575,-0.0001348222783565,0.0012027645481546,0.0704687241045735,-0.0023001074990302,-0.0022316869075364,-0.002489565333695,0.0001894578346647,-0.0020481256267477,-0.0022037395149183,0.0001556138881705,-0.0009562041801903,-0.0036440108178701,-0.0009651609668861,-0.0040139697005039,152,102,0.40625,target_prevalence,0.0018230816577,-6.016537720754389e-05,0.0018832470349076,0.0015430057915311,-0.000680482486753,0.0309480581125917,0.0268443194768237,0.004103738635768,1.0,0.9555555555555554,1.0,1.0,0.5861212920017177,0.7427764085442651,3.512014329480148,3.589075094809794,0.0770607653296457,1.7763568394002505e-15,False
5,1,1,2026083008,lightgbm,nominal_50k,TARGET_NOMINAL_50K,identical_across_target_definitions,90000,30000,60000,256,0.3999333333333333,0.5217666666666667,0.3777579073135687,0.5072176323605221,0.8823482000360796,0.8823539768974883,5.776861408679501e-06,0.827221271280584,0.8829604052184006,0.4203869879821869,0.4710423061136889,0.050655318131502,0.1366058053982365,0.1550714688904736,0.018465663492237,0.88342183034918,0.8777015608310423,-0.0057202695181376,0.4137945066943613,0.4802462802121203,0.066451773517759,0.0001289770751892,-0.0002265019583047,-0.000846019388929,-0.0004570389808857,0.000230537022581,0.0637548710413965,-0.0008196038939937,-0.000679545849412,-0.0003213267202683,-0.0004982771737253,-0.0006867524720089,-0.0003469618239341,-0.0003397906480748,-0.0036537675630028,0.0020145597750154,0.000225555491267,-0.0008682089318037,122,102,0.5234375,target_prevalence,4.2872490888412607e-05,-0.0007391209221531,0.0007819934130415,0.0005062652178112,-0.0005514563904605,0.0245248868419549,0.0322799069128825,-0.0077550200709276,0.9555555555555554,0.9555555555555554,0.6666666666666666,1.0,0.9262475644668444,0.9553716754734995,3.086084302792392,3.0722604703619183,-0.0138238324304733,1.780620095814811e-11,True
5,1,1,2026083008,lightgbm,real_2018_50k,TARGET_REAL_2018_50K,identical_across_target_definitions,90000,30000,60000,256,0.3999333333333333,0.4066333333333333,0.3777579073135687,0.3905306323339829,0.8823482000360796,0.881440691537637,-0.0009075084984425,0.827221271280584,0.8292796619874466,0.4203869879821869,0.4229517055705429,0.002564717588356,0.1366058053982365,0.1375245283122428,0.0009187229140062,0.88342183034918,0.878144721546934,-0.0052771088022459,0.4137945066943613,0.4245192148046185,0.0107247081102572,0.0001289770751892,-0.0002265019583047,-0.000846019388929,-0.0004570389808857,0.000230537022581,0.0637548710413965,0.009818212659887,0.0011576235462143,0.0009772135976379,0.0088409990622491,0.0089390126504754,0.001706079450181,0.0072329332002944,0.005129145943025,0.0145072793767491,0.0048644981445344,-0.0029100709492586,152,102,0.40625,target_prevalence,4.2872490888412607e-05,-0.0007391209221531,0.0007819934130415,0.0005062652178112,-0.0005514563904605,0.0245248868419549,0.0322799069128825,-0.0077550200709276,0.9555555555555554,0.9555555555555554,0.6666666666666666,1.0,0.9262475644668444,0.9553716754734995,3.086084302792392,3.0722604703619183,-0.0138238324304733,1.780620095814811e-11,False
6,1,2,2026083008,logistic,nominal_50k,TARGET_NOMINAL_50K,identical_across_target_definitions,90000,30000,60000,256,0.3999333333333333,0.5217666666666667,0.3777579073135687,0.5072176323605221,0.8778946400336063,0.8776654475369723,-0.000229192496634,0.8165522594626989,0.8747930284754964,0.4283957627984627,0.4822643994045673,0.0538686366061045,0.138714524895256,0.1573813898990043,0.0186668650037482,0.8790218929405438,0.8736300631991644,-0.0053918297413794,0.4214675812874613,0.4912007316926361,0.0697331504051748,0.0005835555787092,0.0001731664031759,0.0044961964904822,0.0050792216150252,-0.0049060552118492,0.0684749628507947,0.0019482002243472,-0.000781160136181,-0.0008475840750897,0.0027957842994369,0.0021326161216907,-0.0008001196274812,0.002932735749172,-0.0019860055856469,0.0058824060343415,-0.0018601589574032,0.0001649908072237,122,102,0.5234375,target_prevalence,4.745280830331655e-05,0.0038749152956401,-0.0038274624873367,-0.004366758849593,-0.0010785927245124,0.0390297689081149,0.0276400556474394,0.0113897132606754,1.0,0.9555555555555554,1.0,1.0,0.1597532185006957,0.5135751363940292,3.552682923898802,3.628987682834516,0.0763047589357142,2.664535259100376e-15,False
6,1,2,2026083008,logistic,real_2018_50k,TARGET_REAL_2018_50K,identical_across_target_definitions,90000,30000,60000,256,0.3999333333333333,0.4066333333333333,0.3777579073135687,0.3905306323339829,0.8778946400336063,0.8790413998244632,0.0011467597908568,0.8165522594626989,0.8186397911432921,0.4283957627984627,0.4284598568075183,6.409400905565965e-05,0.138714524895256,0.1385700924667703,-0.0001444324284857,0.8790218929405438,0.875809375507622,-0.0032125174329218,0.4214675812874613,0.4302879043725113,0.0088203230850499,0.0005835555787092,0.0001731664031759,0.0044961964904822,0.0050792216150252,-0.0049060552118492,0.0684749628507947,0.0044403500996069,-0.0004062777223894,7.349990503011106e-05,0.0043668501945768,0.0043446192841035,4.241408800733336e-05,0.0043022051960961,0.0039297857502552,0.0049509144489586,-9.229111909137e-05,0.0002392909291515,152,102,0.40625,target_prevalence,4.745280830331655e-05,0.0038749152956401,-0.0038274624873367,-0.004366758849593,-0.0010785927245124,0.0390297689081149,0.0276400556474394,0.0113897132606754,1.0,0.9555555555555554,1.0,1.0,0.1597532185006957,0.5135751363940292,3.552682923898802,3.628987682834516,0.0763047589357142,3.1086244689504387e-15,False
6,1,2,2026083008,lightgbm,nominal_50k,TARGET_NOMINAL_50K,identical_across_target_definitions,90000,30000,60000,256,0.3999333333333333,0.5217666666666667,0.3777579073135687,0.5072176323605221,0.882578703586842,0.8829952015595637,0.0004164979727216,0.8273376203705549,0.8836814029713556,0.4199933243131505,0.4705574711990111,0.0505641468858605,0.1364492137667521,0.1547712326116492,0.018322018844897,0.8841523145694565,0.8780577111676588,-0.0060946034017976,0.4127639793531665,0.4797094463011522,0.0669454669479856,0.0002371937373779,0.0041043081063174,0.0013614558205545,0.0010159322055017,0.0030883759008156,0.0597469598095554,0.0009053512863523,-0.000730482805465,-0.000597035556874,0.0015023868432263,0.0009369471893287,-0.0005884625369854,0.0015254097263141,0.0002313053561895,0.0015793972165151,-0.0007799266478316,-0.0004141444659164,122,102,0.5234375,target_prevalence,0.0041710119163526,0.0018818011962139,0.0022892107201386,0.0026887933104771,0.000799165180677,0.0273891081358492,0.0508028312940746,-0.0234137231582253,1.0,0.911111111111111,1.0,0.6666666666666666,0.400624443606014,0.6211320695342555,3.080647441435904,3.0966276251814677,0.0159801837455635,8.989253785784967e-12,False
6,1,2,2026083008,lightgbm,real_2018_50k,TARGET_REAL_2018_50K,identical_across_target_definitions,90000,30000,60000,256,0.3999333333333333,0.4066333333333333,0.3777579073135687,0.3905306323339829,0.882578703586842,0.8825321286721896,-4.65749146524308e-05,0.8273376203705549,0.831460999296287,0.4199933243131505,0.4212602447875083,0.0012669204743577,0.1364492137667521,0.1368250206796371,0.0003758069128849,0.8841523145694565,0.8792363315700162,-0.0049159829994402,0.4127639793531665,0.4228256656132226,0.010061686260056,0.0002371937373779,0.0041043081063174,0.0013614558205545,0.0010159322055017,0.0030883759008156,0.0597469598095554,-0.0010713915290824,-0.0024982322413537,-0.0028222500022018,0.0017508584731193,-0.0012950399415286,-0.0029347718808398,0.0016397319393112,-0.0022641830621289,0.0001214000039641,-0.0034223666882714,-0.0022221333161321,152,102,0.40625,target_prevalence,0.0041710119163526,0.0018818011962139,0.0022892107201386,0.0026887933104771,0.000799165180677,0.0273891081358492,0.0508028312940746,-0.0234137231582253,1.0,0.911111111111111,1.0,0.6666666666666666,0.400624443606014,0.6211320695342555,3.080647441435904,3.0966276251814677,0.0159801837455635,1.3219647598816664e-11,True
7,1,3,2026083008,logistic,nominal_50k,TARGET_NOMINAL_50K,identical_across_target_definitions,90000,30000,60000,256,0.3999333333333333,0.5217666666666667,0.3777579073135687,0.5072176323605221,0.8777535303397139,0.8773600476469203,-0.0003934826927936,0.8156515524556064,0.8743152382505938,0.4284905327186897,0.4809777212463573,0.0524871885276675,0.1387740885777214,0.1572800024718038,0.0185059138940823,0.8786212239634122,0.8734345308614951,-0.0051866931019171,0.422156948102567,0.4896641679381412,0.0675072198355742,0.0004556410625708,-0.0015254916220798,0.0043259299260727,0.0049895608896446,-0.0065150525117244,0.0737149837576777,0.002551500057927,0.002631453459625,0.0037759998950563,-0.0012244998371293,0.0027922606976365,0.0037033692393466,-0.0009111085417101,-0.0025847269225406,0.0076877270383948,0.005325453883531,0.0022265459065817,122,102,0.5234375,target_prevalence,-0.0020784654512887,0.0052015083816754,-0.0072799738329641,-0.0068975131723443,0.0007649213212397,0.034624973440323,0.0442231505909839,-0.0095981771506608,0.9555555555555554,1.0,1.0,1.0,0.3703946580721337,0.2312535697329769,3.620700299768494,3.5197141539268118,-0.1009861458416825,2.664535259100376e-15,False
7,1,3,2026083008,logistic,real_2018_50k,TARGET_REAL_2018_50K,identical_across_target_definitions,90000,30000,60000,256,0.3999333333333333,0.4066333333333333,0.3777579073135687,0.3905306323339829,0.8777535303397139,0.8790040277977514,0.0012504974580375,0.8156515524556064,0.8182984761813722,0.4284905327186897,0.4283023784188057,-0.000188154299884,0.1387740885777214,0.1385423354119949,-0.0002317531657265,0.8786212239634122,0.8760853407671402,-0.002535883196272,0.422156948102567,0.4295546575956955,0.0073977094931285,0.0004556410625708,-0.0015254916220798,0.0043259299260727,0.0049895608896446,-0.0065150525117244,0.0737149837576777,0.0015028202830639,0.0007913398471106,0.0009781123850821,0.0005247078979818,0.0024251652901305,0.0014037906879691,0.0010213746021614,0.0064219936540858,-0.0034163530879578,0.0032483966671463,-0.0012921718969821,152,102,0.40625,target_prevalence,-0.0020784654512887,0.0052015083816754,-0.0072799738329641,-0.0068975131723443,0.0007649213212397,0.034624973440323,0.0442231505909839,-0.0095981771506608,0.9555555555555554,1.0,1.0,1.0,0.3703946580721337,0.2312535697329769,3.620700299768494,3.5197141539268118,-0.1009861458416825,2.664535259100376e-15,False
7,1,3,2026083008,lightgbm,nominal_50k,TARGET_NOMINAL_50K,identical_across_target_definitions,90000,30000,60000,256,0.3999333333333333,0.5217666666666667,0.3777579073135687,0.5072176323605221,0.8829314454123645,0.8821664693200724,-0.000764976092292,0.8283494376820326,0.8828524709879099,0.4194606937101143,0.4726982549375929,0.0532375612274785,0.1363384738456678,0.1556383245569735,0.0192998507113056,0.8839587580954972,0.8776075808338423,-0.0063511772616549,0.4129221427199827,0.4818643881506704,0.0689422454306877,0.0003398313858145,0.0012437397167656,0.0036194139785251,0.0036968578934338,-0.0024531181766682,0.0603912692138198,0.0019063411318582,0.0028601830670006,0.0020527003075931,-0.0001463591757349,0.0017688572888944,0.0021490469516915,-0.0003801896627971,0.0048393297817528,-0.0010266475180363,-2.6947665071608284e-06,0.0041080953816934,122,102,0.5234375,target_prevalence,0.0013734693081796,0.0036364923664164,-0.0022630230582368,-0.0023580706174525,-0.0001900951184313,0.0278790548910142,0.0361423733226428,-0.0082633184316285,1.0,0.9555555555555554,1.0,1.0,0.5547044623031254,0.5813410244845375,3.0371396069237893,3.049572327419315,0.0124327204955259,1.9890936120425806e-11,False
7,1,3,2026083008,lightgbm,real_2018_50k,TARGET_REAL_2018_50K,identical_across_target_definitions,90000,30000,60000,256,0.3999333333333333,0.4066333333333333,0.3777579073135687,0.3905306323339829,0.8829314454123645,0.8816811494801907,-0.0012502959321737,0.8283494376820326,0.8299031937961059,0.4194606937101143,0.4226507734461519,0.0031900797360375,0.1363384738456678,0.1373731232349431,0.0010346493892753,0.8839587580954972,0.8784284374050336,-0.0055303206904635,0.4129221427199827,0.4241528879453878,0.0112307452254051,0.0003398313858145,0.0012437397167656,0.0036194139785251,0.0036968578934338,-0.0024531181766682,0.0603912692138198,0.0113019775775911,-0.0005207319415594,-0.0005617139078486,0.0118636914854398,0.0099160565941161,-0.0010046280589395,0.0109206846530557,0.0039103989990578,0.0186935561561244,-0.0029239227136668,0.0018004948979695,152,102,0.40625,target_prevalence,0.0013734693081796,0.0036364923664164,-0.0022630230582368,-0.0023580706174525,-0.0001900951184313,0.0278790548910142,0.0361423733226428,-0.0082633184316285,1.0,0.9555555555555554,1.0,1.0,0.5547044623031254,0.5813410244845375,3.0371396069237893,3.049572327419315,0.0124327204955259,1.9890936120425806e-11,False
8,2,0,2026093008,logistic,nominal_50k,TARGET_NOMINAL_50K,identical_across_target_definitions,90000,30000,60000,256,0.3999666666666667,0.5217666666666667,0.3843987129044693,0.5072176323605221,0.8789350832844204,0.877919714967732,-0.0010153683166883,0.8175592657762971,0.8744310599626683,0.4266310464244017,0.4849034235873815,0.0582723771629797,0.138137976491914,0.1584572293506809,0.0203192528587669,0.8790684568991634,0.8737920451425328,-0.0052764117566305,0.4232333615517038,0.494877472299889,0.0716441107481851,0.000638628853758,0.0003223709081988,0.0006852259703653,0.000298837461273,2.3533446925849688e-05,0.0688917697855608,0.0048299813162393,0.0022910494133189,0.0013459022344209,0.0034840790818184,0.0048587768136525,0.0012930578879113,0.0035657189257411,0.0042156773714244,0.0054442852610542,0.002473248293292,0.0002185561755497,122,102,0.5234375,target_prevalence,0.0005256547244324,0.0010604161049121,-0.0005347613804796,-0.0002556139667769,0.0005582948274055,0.0183340852928737,0.0317353752837639,-0.0134012899908901,0.9555555555555554,0.9555555555555554,1.0,1.0,0.4255982562738098,0.6054304020488869,3.6504317336734062,3.651016326140219,0.0005845924668128,1.7763568394002505e-15,False
8,2,0,2026093008,logistic,real_2018_50k,TARGET_REAL_2018_50K,identical_across_target_definitions,90000,30000,60000,256,0.3999666666666667,0.4066333333333333,0.3843987129044693,0.3905306323339829,0.8789350832844204,0.878821888959293,-0.0001131943251273,0.8175592657762971,0.816858705825922,0.4266310464244017,0.4289217092210989,0.0022906627966972,0.138137976491914,0.1386160061332095,0.0004780296412955,0.8790684568991634,0.8752844732164715,-0.0037839836826918,0.4232333615517038,0.431252765185074,0.0080194036333702,0.000638628853758,0.0003223709081988,0.0006852259703653,0.000298837461273,2.3533446925849688e-05,0.0688917697855608,0.0039815646024358,0.005076685649404,0.004808712245498,-0.0008271476430621,0.0045805039257588,0.0051509823252795,-0.0005704783995206,0.0071759076601586,0.0007872215447131,0.0066341526709994,0.0029832718199966,152,102,0.40625,target_prevalence,0.0005256547244324,0.0010604161049121,-0.0005347613804796,-0.0002556139667769,0.0005582948274055,0.0183340852928737,0.0317353752837639,-0.0134012899908901,0.9555555555555554,0.9555555555555554,1.0,1.0,0.4255982562738098,0.6054304020488869,3.6504317336734062,3.651016326140219,0.0005845924668128,1.7763568394002505e-15,True
8,2,0,2026093008,lightgbm,nominal_50k,TARGET_NOMINAL_50K,identical_across_target_definitions,90000,30000,60000,256,0.3999666666666667,0.5217666666666667,0.3843987129044693,0.5072176323605221,0.881853337971672,0.8827737179257199,0.0009203799540479,0.8270892926545209,0.8834738259061099,0.4210582504515877,0.471124878639295,0.0500666281877073,0.1367516625091936,0.1550156959830262,0.0182640334738325,0.8800825343697668,0.8780024122540672,-0.0020801221156996,0.4204774816112024,0.4805210857477219,0.0600436041365195,0.0003907816901895,0.0015930888105152,0.0057413958855847,0.0060692287425867,-0.0044761399320715,0.0632629578973837,0.0040020307533096,0.0018542009237229,0.0025084705132554,0.0014935602400542,0.0038955701244452,0.0025936783697472,0.0013018917546979,0.0062731908357517,0.0017308706708676,0.0006907029080968,0.004326238118414,122,102,0.5234375,target_prevalence,0.0018442249278856,0.0057565928184284,-0.0039123678905428,-0.0041942539113071,-0.0005637720415286,0.028877645799611,0.0361484228117766,-0.0072707770121656,1.0,1.0,1.0,1.0,0.5330344397234226,0.5786859603469644,2.922494333228472,3.039443693216529,0.1169493599880571,9.775069642614652e-12,False
8,2,0,2026093008,lightgbm,real_2018_50k,TARGET_REAL_2018_50K,identical_across_target_definitions,90000,30000,60000,256,0.3999666666666667,0.4066333333333333,0.3843987129044693,0.3905306323339829,0.881853337971672,0.8815165690012111,-0.0003367689704608,0.8270892926545209,0.8291906414252732,0.4210582504515877,0.4228924911611975,0.0018342407096098,0.1367516625091936,0.1374519493196926,0.0007002868104989,0.8800825343697668,0.8782671237899641,-0.0018154105798027,0.4204774816112024,0.4243466187359813,0.0038691371247788,0.0003907816901895,0.0015930888105152,0.0057413958855847,0.0060692287425867,-0.0044761399320715,0.0632629578973837,0.0068626269511081,0.0001914460777028,0.0009552393342877,0.0059073876168203,0.0070234601086734,0.0009981051603078,0.0060253549483656,0.0077204037914566,0.0060048501107595,0.0011838570730613,0.0007266215955141,152,102,0.40625,target_prevalence,0.0018442249278856,0.0057565928184284,-0.0039123678905428,-0.0041942539113071,-0.0005637720415286,0.028877645799611,0.0361484228117766,-0.0072707770121656,1.0,1.0,1.0,1.0,0.5330344397234226,0.5786859603469644,2.922494333228472,3.039443693216529,0.1169493599880571,1.2355227951843515e-11,False
9,2,1,2026093008,logistic,nominal_50k,TARGET_NOMINAL_50K,identical_across_target_definitions,90000,30000,60000,256,0.3999666666666667,0.5217666666666667,0.3843987129044693,0.5072176323605221,0.8794836540805931,0.8782500376457889,-0.0012336164348042,0.8186973141021232,0.8750669219662012,0.4256741991249517,0.4835088837140074,0.0578346845890557,0.1377569628406116,0.1579154576434014,0.0201584948027898,0.8798150752140526,0.8741677185217304,-0.0056473566923221,0.422010140487656,0.4928806950135639,0.0708705545259079,0.0004253405206873,0.0026311765945614,0.0022820800790521,0.001428236637448,0.0012029399571134,0.0639043697131489,0.0016425582389518,0.0012525890565961,0.0005374147761386,0.0011051434628132,0.0014175158289014,0.0003942688042456,0.0010232470246557,0.0064434629866926,-0.0031583465087889,0.0035911955098542,-0.0025163659575769,122,102,0.5234375,target_prevalence,0.0015477148335248,0.0021048343090028,-0.0005571194754779,0.0003229102408177,0.0017600594325913,0.0302606039017014,0.0221112114872948,0.0081493924144065,0.9555555555555554,1.0,1.0,1.0,0.5499973066951965,0.4497343004944444,3.540844479449807,3.570752623357063,0.0299081439072561,2.664535259100376e-15,False
9,2,1,2026093008,logistic,real_2018_50k,TARGET_REAL_2018_50K,identical_across_target_definitions,90000,30000,60000,256,0.3999666666666667,0.4066333333333333,0.3843987129044693,0.3905306323339829,0.8794836540805931,0.8790703826589301,-0.000413271421663,0.8186973141021232,0.8187395725431762,0.4256741991249517,0.4282479231608602,0.0025737240359085,0.1377569628406116,0.1384774311337867,0.000720468293175,0.8798150752140526,0.875709197926203,-0.0041058772878495,0.422010140487656,0.4302814661109652,0.0082713256233091,0.0004253405206873,0.0026311765945614,0.0022820800790521,0.001428236637448,0.0012029399571134,0.0639043697131489,0.0001508869559456,-0.0010943382860702,-0.0013184216156967,0.0014693085716424,0.0005888296769772,-0.0015488165904452,0.0021376462674224,0.002486581468114,-0.0021848075562227,-0.0025471948143552,-8.96484170381795e-05,152,102,0.40625,target_prevalence,0.0015477148335248,0.0021048343090028,-0.0005571194754779,0.0003229102408177,0.0017600594325913,0.0302606039017014,0.0221112114872948,0.0081493924144065,0.9555555555555554,1.0,1.0,1.0,0.5499973066951965,0.4497343004944444,3.540844479449807,3.570752623357063,0.0299081439072561,2.664535259100376e-15,True
9,2,1,2026093008,lightgbm,nominal_50k,TARGET_NOMINAL_50K,identical_across_target_definitions,90000,30000,60000,256,0.3999666666666667,0.5217666666666667,0.3843987129044693,0.5072176323605221,0.8808540463200554,0.8820854145980146,0.0012313682779592,0.8267795304543363,0.8830191319188454,0.4221063181880568,0.4720807113024924,0.0499743931144356,0.1373387104687775,0.1553635634684571,0.0180248529996795,0.8783015361147556,0.877073930273167,-0.0012276058415885,0.4226180442637686,0.4820155939759619,0.0593975497121933,0.0010028449910777,-0.0015790485084211,0.0012823857986273,0.0015945167784842,-0.0031735652869053,0.0648663026456244,0.0016351217649393,-0.0012255763682282,-0.0013943091858175,0.0030294309507568,0.0015774959340487,-0.0013859273519295,0.0029634232859783,0.0028644728239384,0.0004057707059402,-0.0015731216420939,-0.001215496729541,122,102,0.5234375,target_prevalence,-0.0014048355577677,0.0014350251567148,-0.0028398607144826,-0.0030067130006939,-0.0003337045724227,0.0198006720751508,0.0436959465993968,-0.023895274524246,0.9555555555555554,0.911111111111111,0.6666666666666666,0.6666666666666666,0.7296091272217785,0.6703967203403761,3.136777045725363,3.1974946571978067,0.0607176114724437,5.014008652715063e-11,False
9,2,1,2026093008,lightgbm,real_2018_50k,TARGET_REAL_2018_50K,identical_across_target_definitions,90000,30000,60000,256,0.3999666666666667,0.4066333333333333,0.3843987129044693,0.3905306323339829,0.8808540463200554,0.8810601788684005,0.0002061325483451,0.8267795304543363,0.8291319588692836,0.4221063181880568,0.4233533366316362,0.0012470184435793,0.1373387104687775,0.1376661357964097,0.0003274253276321,0.8783015361147556,0.8778126943450782,-0.0004888417696773,0.4226180442637686,0.4248975703472061,0.0022795260834375,0.0010028449910777,-0.0015790485084211,0.0012823857986273,0.0015945167784842,-0.0031735652869053,0.0648663026456244,0.006249692214776,-2.8365920312634074e-06,-0.0004595254608766,0.0067092176756526,0.005403959046721,-0.0002126541855303,0.0056166132322513,0.0017391153184826,0.0107602691110693,0.0008571213409702,-0.0017761722627236,152,102,0.40625,target_prevalence,-0.0014048355577677,0.0014350251567148,-0.0028398607144826,-0.0030067130006939,-0.0003337045724227,0.0198006720751508,0.0436959465993968,-0.023895274524246,0.9555555555555554,0.911111111111111,0.6666666666666666,0.6666666666666666,0.7296091272217785,0.6703967203403761,3.136777045725363,3.1974946571978067,0.0607176114724437,5.014008652715063e-11,False
10,2,2,2026093008,logistic,nominal_50k,TARGET_NOMINAL_50K,identical_across_target_definitions,90000,30000,60000,256,0.3999666666666667,0.5217666666666667,0.3843987129044693,0.5072176323605221,0.879671969497634,0.8774770861191776,-0.0021948833784564,0.81896913561247,0.8747421297793959,0.4254539017577865,0.4828146745156103,0.0573607727578237,0.1376347303394734,0.1578065444791036,0.0201718141396302,0.8799507174785979,0.8732745224494106,-0.0066761950291872,0.4217665755925114,0.4923220019430656,0.0705554263505542,0.0008331388873448,-0.0017561271642971,0.00593919716808,0.0052316949887002,-0.0069878221529974,0.0666333292280987,-7.047824054440266e-05,-0.0022434611256393,-0.0024159641362266,0.0023454858956822,-0.0002119595832237,-0.0025022932707616,0.0022903336875378,0.0029477904032825,-0.0030887468843713,-0.000574275932814,-0.0042576523396393,122,102,0.5234375,target_prevalence,-0.0016755313324589,0.006269116435648,-0.0079446477681069,-0.0074662349605522,0.0009568256151095,0.0241508245557959,0.041016213699685,-0.0168653891438891,1.0,0.9555555555555554,1.0,1.0,0.8513158850449284,0.4462572854902122,3.699249276872253,3.647512902325889,-0.0517363745463645,2.664535259100376e-15,False
10,2,2,2026093008,logistic,real_2018_50k,TARGET_REAL_2018_50K,identical_across_target_definitions,90000,30000,60000,256,0.3999666666666667,0.4066333333333333,0.3843987129044693,0.3905306323339829,0.879671969497634,0.8787499413032843,-0.0009220281943497,0.81896913561247,0.8185082898493365,0.4254539017577865,0.4287947555331177,0.0033408537753312,0.1376347303394734,0.1387067179165216,0.0010719875770481,0.8799507174785979,0.8751533395619917,-0.0047973779166061,0.4217665755925114,0.4312239238970503,0.0094573483045388,0.0008331388873448,-0.0017561271642971,0.00593919716808,0.0052316949887002,-0.0069878221529974,0.0666333292280987,0.0044522637949087,0.0013091386635872,0.002704628310772,0.0017476354841367,0.0053304229084437,0.0029544734839935,0.0023759494244501,0.0091357790670953,-0.0002312514772778,0.004037135901287,0.0013721207202569,152,102,0.40625,target_prevalence,-0.0016755313324589,0.006269116435648,-0.0079446477681069,-0.0074662349605522,0.0009568256151095,0.0241508245557959,0.041016213699685,-0.0168653891438891,1.0,0.9555555555555554,1.0,1.0,0.8513158850449284,0.4462572854902122,3.699249276872253,3.647512902325889,-0.0517363745463645,2.664535259100376e-15,False
10,2,2,2026093008,lightgbm,nominal_50k,TARGET_NOMINAL_50K,identical_across_target_definitions,90000,30000,60000,256,0.3999666666666667,0.5217666666666667,0.3843987129044693,0.5072176323605221,0.8813122095118948,0.882033943719589,0.0007217342076941,0.8272263280094101,0.8830392331866651,0.4214834997839041,0.47226189826055,0.0507783984766458,0.1370786058289292,0.1555051763267349,0.0184265704978057,0.8790106614015285,0.8771020210466014,-0.0019086403549271,0.4215933701379426,0.4816873008244585,0.0600939306865159,0.0006030769401145,-3.0096051677697133e-05,0.0055176713327865,0.005610989602429,-0.0056410856541067,0.0651726293294478,0.0065994622725176,-0.0018078823591211,-0.0012380565838463,0.0078375188563639,0.0066520923157248,-0.0012135076661367,0.0078655999818616,0.0054766880174299,0.0077222365276052,-0.001761766828317,-0.0007143463393756,122,102,0.5234375,target_prevalence,-3.4830004254304825e-05,0.005325004378104,-0.0053598343823583,-0.0055004600182325,-0.0002812512717483,0.0289967897879051,0.0469662042102797,-0.0179694144223745,1.0,0.8666666666666666,1.0,0.6666666666666666,0.4490374778664676,0.4912691733252485,3.045622711453836,3.1060943701597754,0.0604716587059392,1.5114576257246878e-11,False
10,2,2,2026093008,lightgbm,real_2018_50k,TARGET_REAL_2018_50K,identical_across_target_definitions,90000,30000,60000,256,0.3999666666666667,0.4066333333333333,0.3843987129044693,0.3905306323339829,0.8813122095118948,0.8812499303778782,-6.227913401657403e-05,0.8272263280094101,0.8293265130592128,0.4214834997839041,0.4231261112610306,0.0016426114771264,0.1370786058289292,0.1375399591097086,0.0004613532807793,0.8790106614015285,0.8777478518613917,-0.0012628095401368,0.4215933701379426,0.4250112147582147,0.003417844620272,0.0006030769401145,-3.0096051677697133e-05,0.0055176713327865,0.005610989602429,-0.0056410856541067,0.0651726293294478,-0.002667600483922,0.0025408151047288,0.0024723310998175,-0.0051399315837395,-0.0024949875113496,0.001796489273521,-0.0042914767848707,-0.0017469979635362,-0.0035882030043077,-0.0011321586404305,0.0060768208400657,152,102,0.40625,target_prevalence,-3.4830004254304825e-05,0.005325004378104,-0.0053598343823583,-0.0055004600182325,-0.0002812512717483,0.0289967897879051,0.0469662042102797,-0.0179694144223745,1.0,0.8666666666666666,1.0,0.6666666666666666,0.4490374778664676,0.4912691733252485,3.045622711453836,3.1060943701597754,0.0604716587059392,1.5114576257246878e-11,False
11,2,3,2026093008,logistic,nominal_50k,TARGET_NOMINAL_50K,identical_across_target_definitions,90000,30000,60000,256,0.3999666666666667,0.5217666666666667,0.3843987129044693,0.5072176323605221,0.8795550634719255,0.8776327455617879,-0.0019223179101375,0.8174128133654718,0.873900207826874,0.4257148980494147,0.4838720461104317,0.058157148061017,0.1377327303065527,0.1583403681050773,0.0206076377985245,0.8793472133463925,0.8735948013543426,-0.0057524119920498,0.4230199987479451,0.4926400736245588,0.0696200748766136,5.357093277402747e-05,0.0001461711134518,0.0014497490558301,0.000943227247166,-0.0007970561337141,0.0685296623955423,0.0007760788125544,-0.0016923351052045,-0.0016285536126749,0.0024046324252294,0.0006137206186906,-0.0016962951104099,0.0023100157291005,0.0042397202816505,-0.0026875626565415,-0.0001834016609941,-0.0030737055643557,122,102,0.5234375,target_prevalence,-5.360004524801454e-05,0.0018574739403272,-0.0019110739855752,-0.0013540650596446,0.001114017851861,0.0361988389560667,0.040537314267869,-0.0043384753118022,0.9555555555555554,0.9555555555555554,1.0,1.0,0.8463007946781503,0.9493298532421957,3.571870517691845,3.5733792988167465,0.001508781124901,2.664535259100376e-15,False
11,2,3,2026093008,logistic,real_2018_50k,TARGET_REAL_2018_50K,identical_across_target_definitions,90000,30000,60000,256,0.3999666666666667,0.4066333333333333,0.3843987129044693,0.3905306323339829,0.8795550634719255,0.8786673606598225,-0.0008877028121029,0.8174128133654718,0.8170601788250755,0.4257148980494147,0.4289440009730362,0.0032291029236215,0.1377327303065527,0.1387255490419661,0.0009928187354133,0.8793472133463925,0.8753808656912118,-0.0039663476551807,0.4230199987479451,0.4306704083475996,0.0076504095996544,5.357093277402747e-05,0.0001461711134518,0.0014497490558301,0.000943227247166,-0.0007970561337141,0.0685296623955423,0.0034865247449595,-0.0006933735469126,0.0004781002910269,0.0030084244539326,0.0024441887715573,0.0002484112859659,0.0021957774855913,-0.0020726004465188,0.0090456499364378,-0.0007469077359648,0.0017031083180186,152,102,0.40625,target_prevalence,-5.360004524801454e-05,0.0018574739403272,-0.0019110739855752,-0.0013540650596446,0.001114017851861,0.0361988389560667,0.040537314267869,-0.0043384753118022,0.9555555555555554,0.9555555555555554,1.0,1.0,0.8463007946781503,0.9493298532421957,3.571870517691845,3.5733792988167465,0.001508781124901,3.552713678800501e-15,False
11,2,3,2026093008,lightgbm,nominal_50k,TARGET_NOMINAL_50K,identical_across_target_definitions,90000,30000,60000,256,0.3999666666666667,0.5217666666666667,0.3843987129044693,0.5072176323605221,0.8819397570392684,0.8823571634921222,0.0004174064528538,0.8292574169119901,0.8836649918730652,0.4207335857770776,0.4720705459699605,0.0513369601928829,0.1367069613024923,0.1552797273139119,0.0185727660114196,0.8796914889358556,0.8774457021671651,-0.0022457867686904,0.4207376791378321,0.4818053383480606,0.0610676592102285,0.0004885853333359,0.0037765799860157,0.0065575626772449,0.0069789667948556,-0.0032023868088398,0.0594425387358527,0.0017718919994898,-0.0020830593554656,-0.0020408907845583,0.0038127827840482,0.0017101005687107,-0.0021076480853828,0.0038177486540936,0.0030901091894448,0.0004536748095348,-0.0006167350336347,-0.0034650465354819,122,102,0.5234375,target_prevalence,0.0035922808771162,0.0057947634397013,-0.002202482562585,-0.0027024346857124,-0.0009999042462548,0.0326380198341497,0.0455299527121813,-0.0128919328780316,0.9555555555555554,0.911111111111111,1.0,0.6666666666666666,0.4570750110733055,0.4385663170296476,3.053881572095665,3.016543068809613,-0.037338503286052,1.0581313603097442e-11,False
11,2,3,2026093008,lightgbm,real_2018_50k,TARGET_REAL_2018_50K,identical_across_target_definitions,90000,30000,60000,256,0.3999666666666667,0.4066333333333333,0.3843987129044693,0.3905306323339829,0.8819397570392684,0.8818389841828624,-0.0001007728564059,0.8292574169119901,0.8311684534941752,0.4207335857770776,0.4224011364378102,0.0016675506607325,0.1367069613024923,0.1372407079431386,0.0005337466406462,0.8796914889358556,0.8784349605562167,-0.0012565283796388,0.4207376791378321,0.4240901354599182,0.003352456322086,0.0004885853333359,0.0037765799860157,0.0065575626772449,0.0069789667948556,-0.0032023868088398,0.0594425387358527,0.002994132954904,0.000815322327791,0.0015529553094635,0.0014411776454404,0.0026570826538148,0.0018793606881215,0.0007777219656932,0.0011965313490945,0.0047917345607135,0.0032937839956393,-0.0001878733767122,152,102,0.40625,target_prevalence,0.0035922808771162,0.0057947634397013,-0.002202482562585,-0.0027024346857124,-0.0009999042462548,0.0326380198341497,0.0455299527121813,-0.0128919328780316,0.9555555555555554,0.911111111111111,1.0,0.6666666666666666,0.4570750110733055,0.4385663170296476,3.053881572095665,3.016543068809613,-0.037338503286052,1.1799450305716164e-11,False
12,3,0,2026103008,logistic,nominal_50k,TARGET_NOMINAL_50K,identical_across_target_definitions,90000,30000,60000,256,0.3999,0.5217666666666667,0.3793640606224026,0.5072176323605221,0.8816838506688273,0.8771063590909938,-0.0045774915778334,0.822461216584464,0.8744113770196296,0.4219821360722802,0.4839187706535808,0.0619366345813006,0.1363809296961481,0.1584713712830589,0.0220904415869107,0.8809916311718028,0.8728168329510625,-0.0081747982207402,0.418865191302689,0.4935420687059486,0.0746768774032595,0.0005739367408644,0.0020721543627962,0.0033150690810782,0.0036038303365891,-0.0015316759737928,0.0727079994654374,0.0073845014563062,0.0011317530663594,0.0008967104647189,0.0064877909915872,0.0069704380186954,0.0006923051628693,0.006278132855826,0.0162178547920032,-0.0014488518793908,0.005257356904177,-0.0034639359747391,122,102,0.5234375,target_prevalence,0.0017284339748381,0.0042350191211643,-0.0025065851463261,-0.0020191305600595,0.0009749091725332,0.0326762252700949,0.0445261145712068,-0.0118498893011118,0.9555555555555554,0.9555555555555554,1.0,1.0,0.5685603282676224,0.7855063477522634,3.389397425595643,3.637679263552252,0.2482818379566085,2.886579864025407e-15,False
12,3,0,2026103008,logistic,real_2018_50k,TARGET_REAL_2018_50K,identical_across_target_definitions,90000,30000,60000,256,0.3999,0.4066333333333333,0.3793640606224026,0.3905306323339829,0.8816838506688273,0.8784882680410265,-0.0031955826278007,0.822461216584464,0.8183774638072607,0.4219821360722802,0.4288538276951568,0.0068716916228766,0.1363809296961481,0.1389034349477368,0.0025225052515887,0.8809916311718028,0.8752926243309878,-0.005699006840815,0.418865191302689,0.4306330698187999,0.0117678785161108,0.0005739367408644,0.0020721543627962,0.0033150690810782,0.0036038303365891,-0.0015316759737928,0.0727079994654374,-0.0014934403857604,-0.0014236220031189,-0.0008851728793308,-0.0006082675064296,-0.0010240606975384,-0.0003926739580944,-0.000631386739444,0.0010099179514235,-0.0039967987229445,0.0017414880339298,-0.0035118337925914,152,102,0.40625,target_prevalence,0.0017284339748381,0.0042350191211643,-0.0025065851463261,-0.0020191305600595,0.0009749091725332,0.0326762252700949,0.0445261145712068,-0.0118498893011118,0.9555555555555554,0.9555555555555554,1.0,1.0,0.5685603282676224,0.7855063477522634,3.389397425595643,3.637679263552252,0.2482818379566085,2.886579864025407e-15,False
12,3,0,2026103008,lightgbm,nominal_50k,TARGET_NOMINAL_50K,identical_across_target_definitions,90000,30000,60000,256,0.3999,0.5217666666666667,0.3793640606224026,0.5072176323605221,0.8848623193773595,0.8828300997778498,-0.0020322195995097,0.8332890080426824,0.8835574264196843,0.4165197279293073,0.4707704293132979,0.0542507013839905,0.1351209766165929,0.1550246647283071,0.0199036881117142,0.8836824039809342,0.877864297173164,-0.0058181068077701,0.4135893235310753,0.4797174672649547,0.0661281437338793,0.0001292700371484,0.0010735048022206,0.0018321076859487,0.001683939905301,-0.0006104351030803,0.0645490583159167,0.0020412624990683,-0.0008783432589064,-0.000333170186123,0.0023744326851913,0.0021415977718383,-0.0003024303276442,0.0024440280994825,-9.922332002476608e-05,0.0041817483181614,-0.0009889538336707,0.0003226134614245,122,102,0.5234375,target_prevalence,0.0015472213383507,0.0026367684243312,-0.0010895470859805,-0.0008499910945304,0.0004791119829001,0.0371743717879435,0.0410308316965093,-0.0038564599085657,0.9555555555555554,0.9555555555555554,0.6666666666666666,1.0,0.5489521551192725,0.6457527929450079,3.030623213352686,3.0518712256263094,0.0212480122736233,1.092903545441004e-11,False
12,3,0,2026103008,lightgbm,real_2018_50k,TARGET_REAL_2018_50K,identical_across_target_definitions,90000,30000,60000,256,0.3999,0.4066333333333333,0.3793640606224026,0.3905306323339829,0.8848623193773595,0.8821624965101443,-0.0026998228672151,0.8332890080426824,0.8308545885201769,0.4165197279293073,0.421898780280993,0.0053790523516857,0.1351209766165929,0.1371585699880411,0.0020375933714481,0.8836824039809342,0.8786899586893939,-0.0049924452915403,0.4135893235310753,0.4237876998993373,0.0101983763682619,0.0001292700371484,0.0010735048022206,0.0018321076859487,0.001683939905301,-0.0006104351030803,0.0645490583159167,-0.0032652109606921,-0.0030214351312124,-0.0025559621125409,-0.0007092488481511,-0.0032426862848141,-0.0022451934457554,-0.0009974928390586,-0.0031450793560096,-0.0033853425653745,-0.000898529223018,-0.0042133950020639,152,102,0.40625,target_prevalence,0.0015472213383507,0.0026367684243312,-0.0010895470859805,-0.0008499910945304,0.0004791119829001,0.0371743717879435,0.0410308316965093,-0.0038564599085657,0.9555555555555554,0.9555555555555554,0.6666666666666666,1.0,0.5489521551192725,0.6457527929450079,3.030623213352686,3.0518712256263094,0.0212480122736233,1.092903545441004e-11,False
13,3,1,2026103008,logistic,nominal_50k,TARGET_NOMINAL_50K,identical_across_target_definitions,90000,30000,60000,256,0.3999,0.5217666666666667,0.3793640606224026,0.5072176323605221,0.8827385589755028,0.8780831346727673,-0.0046554243027354,0.8234393627505762,0.8754512002399237,0.4202225081901495,0.4806545112035719,0.0604320030134224,0.1357341541916075,0.1573807941239645,0.021646639932357,0.8825962214224482,0.874111901130419,-0.0084843202920291,0.4162440747289009,0.4900680688373711,0.0738239941084701,0.0006818022156301,-0.0009942595231476,0.0058127875815855,0.0065073822230055,-0.0075016417461531,0.0706133025044653,-2.632023410237272e-05,0.0055354954650368,0.0057847705148631,-0.0058110907489655,-0.0001098061565818,0.0055820600303724,-0.0056918661869543,0.0017547127787936,-0.0018073532469984,0.0101092608506638,0.0014602801790624,122,102,0.5234375,target_prevalence,-0.001155373265306,0.004729080696304,-0.00588445396161,-0.0066930478538816,-0.0016171877845431,0.0222384427387989,0.0468745674035949,-0.024636124664796,1.0,0.911111111111111,1.0,0.6666666666666666,0.919464939522342,0.5805279547275676,3.652079259246333,3.678630301791247,0.0265510425449146,2.664535259100376e-15,False
13,3,1,2026103008,logistic,real_2018_50k,TARGET_REAL_2018_50K,identical_across_target_definitions,90000,30000,60000,256,0.3999,0.4066333333333333,0.3793640606224026,0.3905306323339829,0.8827385589755028,0.8794862687768992,-0.0032522901986036,0.8234393627505762,0.8194471608302882,0.4202225081901495,0.4272470343360772,0.0070245261459276,0.1357341541916075,0.1383098748286153,0.0025757206370078,0.8825962214224482,0.8763438703938145,-0.0062523510286337,0.4162440747289009,0.4288873362802887,0.0126432615513877,0.0006818022156301,-0.0009942595231476,0.0058127875815855,0.0065073822230055,-0.0075016417461531,0.0706133025044653,-0.0011498803753172,-0.0017635429353012,-0.0017325454213824,0.0005826650460651,-0.0010731357522265,-0.0017624942515765,0.0006893584993499,-0.0007405757188336,-0.0015591850318008,-0.0018922725157511,-0.0015728183270136,152,102,0.40625,target_prevalence,-0.001155373265306,0.004729080696304,-0.00588445396161,-0.0066930478538816,-0.0016171877845431,0.0222384427387989,0.0468745674035949,-0.024636124664796,1.0,0.911111111111111,1.0,0.6666666666666666,0.919464939522342,0.5805279547275676,3.652079259246333,3.678630301791247,0.0265510425449146,2.664535259100376e-15,False
13,3,1,2026103008,lightgbm,nominal_50k,TARGET_NOMINAL_50K,identical_across_target_definitions,90000,30000,60000,256,0.3999,0.5217666666666667,0.3793640606224026,0.5072176323605221,0.8848813950418672,0.8825497184127943,-0.0023316766290729,0.8332163650215855,0.8836034470626866,0.4163636325774552,0.4723657226315353,0.0560020900540801,0.1351271593423232,0.1553460751540365,0.0202189158117132,0.8836436636657795,0.8776761084703527,-0.0059675551954267,0.4135749444415528,0.4823112611844355,0.0687363167428827,1.2866813511425155e-05,0.0013728226595439,0.0040553176336954,0.0040389862041012,-0.0026661635445572,0.0601261043801408,-0.0013090755284678,-0.0001826784653971,0.000100059741579,-0.0014091352700468,-0.0011462848197216,0.0001398519194891,-0.0012861367392108,-0.0047819439817199,0.0021637929247841,-0.000748840053838,0.000948959536996,122,102,0.5234375,target_prevalence,0.0020548655231108,0.0044039919927603,-0.0023491264696494,-0.0025076450071033,-0.0003170370749078,0.0347150467735924,0.0202922406417902,0.0144228061318021,0.911111111111111,1.0,1.0,1.0,0.5170535855342677,0.3529444191852883,3.051963203295801,3.024831797082549,-0.0271314062132517,1.843014629798745e-11,False
13,3,1,2026103008,lightgbm,real_2018_50k,TARGET_REAL_2018_50K,identical_across_target_definitions,90000,30000,60000,256,0.3999,0.4066333333333333,0.3793640606224026,0.3905306323339829,0.8848813950418672,0.881770981876356,-0.0031104131655111,0.8332163650215855,0.8311572175792962,0.4163636325774552,0.4224374108215035,0.0060737782440483,0.1351271593423232,0.1374020985556954,0.0022749392133721,0.8836436636657795,0.8783899461184992,-0.0052537175472803,0.4135749444415528,0.4239992484190983,0.0104243039775454,1.2866813511425155e-05,0.0013728226595439,0.0040553176336954,0.0040389862041012,-0.0026661635445572,0.0601261043801408,-0.000412864957287,-0.0020928553638025,-0.0016403881586968,0.0012275232014097,-0.0003881046234759,-0.0014021007249505,0.0010139961014746,-0.0002808098436277,-0.0005449200709463,-0.0003695218453835,-0.0029112544720101,152,102,0.40625,target_prevalence,0.0020548655231108,0.0044039919927603,-0.0023491264696494,-0.0025076450071033,-0.0003170370749078,0.0347150467735924,0.0202922406417902,0.0144228061318021,0.911111111111111,1.0,1.0,1.0,0.5170535855342677,0.3529444191852883,3.051963203295801,3.024831797082549,-0.0271314062132517,1.875322119815337e-11,False
14,3,2,2026103008,logistic,nominal_50k,TARGET_NOMINAL_50K,identical_across_target_definitions,90000,30000,60000,256,0.3999,0.5217666666666667,0.3793640606224026,0.5072176323605221,0.8822897159976638,0.8771752986307281,-0.0051144173669357,0.821877076818594,0.874495854240996,0.4211923632663343,0.4816673594950247,0.0604749962286904,0.1360480769244695,0.1575740683463163,0.0215259914218467,0.8817707189683479,0.8734804823819464,-0.0082902365864014,0.4176996007523536,0.490755890030323,0.0730562892779694,0.0003360233863203,-0.0004552732581564,0.0006881084750212,0.0012128238348847,-0.0016680970930411,0.0764975441995216,-0.0007828547608096,0.0005931565084248,0.0006217806598697,-0.0014046354206793,-0.0006993512897106,0.0005827247175504,-0.0012820760072611,-0.0025642621442536,0.0009985526226343,0.0014549740960135,-0.0002114127762741,122,102,0.5234375,target_prevalence,-0.000476949524525,0.0006773240009555,-0.0011542735254805,-0.0014111853092608,-0.0005138235675605,0.0244686346064236,0.0240255622279394,0.0004430723784841,1.0,1.0,1.0,1.0,0.5328580301756427,0.4174599221262275,3.51368660432114,3.5450975001365093,0.0314108958153696,2.664535259100376e-15,False
14,3,2,2026103008,logistic,real_2018_50k,TARGET_REAL_2018_50K,identical_across_target_definitions,90000,30000,60000,256,0.3999,0.4066333333333333,0.3793640606224026,0.3905306323339829,0.8822897159976638,0.8784104236589746,-0.0038792923386892,0.821877076818594,0.8181880970866446,0.4211923632663343,0.4290133596637904,0.0078209963974561,0.1360480769244695,0.1389714117775237,0.0029233348530542,0.8817707189683479,0.8755876514976441,-0.0061830674707038,0.4176996007523536,0.4301787804541302,0.0124791797017767,0.0003360233863203,-0.0004552732581564,0.0006881084750212,0.0012128238348847,-0.0016680970930411,0.0764975441995216,-0.0004617811933035,0.0050899921997298,0.0056103820853953,-0.0060721632786989,-0.0002074111153534,0.0049219772280832,-0.0051293883434366,0.0008948592224304,-0.0018184216090375,0.0019388895130638,0.0092818746577268,152,102,0.40625,target_prevalence,-0.000476949524525,0.0006773240009555,-0.0011542735254805,-0.0014111853092608,-0.0005138235675605,0.0244686346064236,0.0240255622279394,0.0004430723784841,1.0,1.0,1.0,1.0,0.5328580301756427,0.4174599221262275,3.51368660432114,3.5450975001365093,0.0314108958153696,2.664535259100376e-15,False
14,3,2,2026103008,lightgbm,nominal_50k,TARGET_NOMINAL_50K,identical_across_target_definitions,90000,30000,60000,256,0.3999,0.5217666666666667,0.3793640606224026,0.5072176323605221,0.885064644116555,0.8826951351105214,-0.0023695090060336,0.8331170788377877,0.8836370106489683,0.4160453378427843,0.4711208315993978,0.0550754937566135,0.1349336460538092,0.1549543187734067,0.0200206727195974,0.8838038341163779,0.8783798998441441,-0.0054239342722337,0.4132777975279386,0.4797537072019467,0.0664759096740081,0.0002638715373264,-0.0007456571587197,0.0056460263985157,0.0049281794502156,-0.0056738366089353,0.0636135036757616,0.0007985058560343,-0.0008025959593292,-3.855944248937204e-05,0.0008370652985237,0.0008055310274626,-0.0001106723154033,0.000916203342866,0.0006486355322309,0.0009483761798377,0.0014998485130094,-0.0015769673979881,122,102,0.5234375,target_prevalence,-0.0006789791869392,0.0069584776582265,-0.0076374568451658,-0.0066556467270506,0.0019636202362304,0.0389446592112479,0.0512686524227085,-0.0123239932114605,1.0,0.9555555555555554,1.0,0.6666666666666666,0.6749606893731799,0.3229867869124517,3.0464123209902416,3.050475782783948,0.0040634617937063,2.828459775422454e-11,False
14,3,2,2026103008,lightgbm,real_2018_50k,TARGET_REAL_2018_50K,identical_across_target_definitions,90000,30000,60000,256,0.3999,0.4066333333333333,0.3793640606224026,0.3905306323339829,0.885064644116555,0.8815950373632541,-0.0034696067533009,0.8331170788377877,0.8308792581625305,0.4160453378427843,0.4225087658663033,0.006463428023519,0.1349336460538092,0.1374237430607942,0.002490097006985,0.8838038341163779,0.8787378546383572,-0.0050659794780206,0.4132777975279386,0.4233755550595998,0.0100977575316612,0.0002638715373264,-0.0007456571587197,0.0056460263985157,0.0049281794502156,-0.0056738366089353,0.0636135036757616,0.0017495513225383,0.0019109746518251,0.0013219942554167,0.0004275570671216,0.0008973784223883,0.0006481446514293,0.0002492337709589,-0.002795370811595,0.0062944734566717,-0.0022718702991827,0.0049158588100162,152,102,0.40625,target_prevalence,-0.0006789791869392,0.0069584776582265,-0.0076374568451658,-0.0066556467270506,0.0019636202362304,0.0389446592112479,0.0512686524227085,-0.0123239932114605,1.0,0.9555555555555554,1.0,0.6666666666666666,0.6749606893731799,0.3229867869124517,3.0464123209902416,3.050475782783948,0.0040634617937063,2.828459775422454e-11,False
15,3,3,2026103008,logistic,nominal_50k,TARGET_NOMINAL_50K,identical_across_target_definitions,90000,30000,60000,256,0.3999,0.5217666666666667,0.3793640606224026,0.5072176323605221,0.8817720246870027,0.8783329648052874,-0.0034390598817152,0.8223293175872591,0.8755505934523284,0.4219354367632876,0.4814706455416851,0.0595352087783975,0.1363157027223164,0.1575032414811263,0.0211875387588098,0.8813663884595697,0.8741918104114617,-0.007174578048108,0.4182226911759967,0.4906664959464992,0.0724438047705025,0.0009497551117585,0.0037967139604941,-0.0008088711222559,-0.0005198742051517,0.0043165881656459,0.0715252298258806,0.0107619487299963,0.0035351137140424,0.0032042898385704,0.0075576588914259,0.0106792226594245,0.0031996609406987,0.0074795617187257,0.0125267715688621,0.0089971258911305,0.003303039659834,0.0031055400173068,122,102,0.5234375,target_prevalence,0.0033219789282735,-0.0007524274391682,0.0040744063674418,0.0041954972665438,0.0002421817982041,0.0197132764153845,0.0292364469200877,-0.0095231705047031,1.0,0.9555555555555554,1.0,1.0,0.1923649568902687,0.33865752641273,3.5140893088396936,3.716627691491949,0.2025383826522557,1.7763568394002505e-15,False
15,3,3,2026103008,logistic,real_2018_50k,TARGET_REAL_2018_50K,identical_across_target_definitions,90000,30000,60000,256,0.3999,0.4066333333333333,0.3793640606224026,0.3905306323339829,0.8817720246870027,0.8797592105191477,-0.0020128141678549,0.8223293175872591,0.8201210679921432,0.4219354367632876,0.4269030537843263,0.0049676170210387,0.1363157027223164,0.1381058986137321,0.0017901958914156,0.8813663884595697,0.876654085084412,-0.0047123033751577,0.4182226911759967,0.4285433062923223,0.0103206151163255,0.0009497551117585,0.0037967139604941,-0.0008088711222559,-0.0005198742051517,0.0043165881656459,0.0715252298258806,0.001653119044088,0.0003672669154874,2.5601630786409316e-05,0.0016275174133016,0.0014574625693218,-0.0001005035578164,0.0015579661271382,0.0006096178453349,0.0026966202428411,-0.0006469593750954,0.0006981626366682,152,102,0.40625,target_prevalence,0.0033219789282735,-0.0007524274391682,0.0040744063674418,0.0041954972665438,0.0002421817982041,0.0197132764153845,0.0292364469200877,-0.0095231705047031,1.0,0.9555555555555554,1.0,1.0,0.1923649568902687,0.33865752641273,3.5140893088396936,3.716627691491949,0.2025383826522557,2.664535259100376e-15,False
15,3,3,2026103008,lightgbm,nominal_50k,TARGET_NOMINAL_50K,identical_across_target_definitions,90000,30000,60000,256,0.3999,0.5217666666666667,0.3793640606224026,0.5072176323605221,0.8850325534780351,0.8823973858306429,-0.0026351676473922,0.8334711848978256,0.8831511754889569,0.4161241593629971,0.4718686719545943,0.0557445125915972,0.1349403539693029,0.1553210858960026,0.0203807319266997,0.8829994677666668,0.8773879147456168,-0.0056115530210499,0.414499058849909,0.4816422080471216,0.0671431491972125,0.0003219435087067,0.0027578137486716,0.0023755885173264,0.0018465779049455,0.000911235843726,0.0606809748028534,0.005392147539393,-0.0016816365375459,-0.0019663985973579,0.007358546136751,0.0056097455964011,-0.0020050793335596,0.0076148249299607,0.0007500556565557,0.0100342394222304,-0.0011412095583891,-0.0027915876363268,122,102,0.5234375,target_prevalence,0.003292351531018,0.0028962032113428,0.0003961483196751,0.0006536920817006,0.0005150875240509,0.0420446907827687,0.036039843789254,0.0060048469935147,0.9555555555555554,0.9555555555555554,1.0,1.0,0.5244580696263723,0.5383705964465454,3.142774802828089,3.065724397242043,-0.0770504055860463,1.0484058066140278e-11,False
15,3,3,2026103008,lightgbm,real_2018_50k,TARGET_REAL_2018_50K,identical_across_target_definitions,90000,30000,60000,256,0.3999,0.4066333333333333,0.3793640606224026,0.3905306323339829,0.8850325534780351,0.8816426785809667,-0.0033898748970684,0.8334711848978256,0.8301118605110821,0.4161241593629971,0.4225963899578738,0.0064722305948766,0.1349403539693029,0.1374065635164183,0.0024662095471154,0.8829994677666668,0.878156551635459,-0.0048429161312077,0.414499058849909,0.4243207257635076,0.0098216669135985,0.0003219435087067,0.0027578137486716,0.0023755885173264,0.0018465779049455,0.000911235843726,0.0606809748028534,0.0041342166830445,0.0002077839320321,0.0001964268750129,0.0039377898080316,0.0028999750466189,-0.0003846658184824,0.0032846408651013,-0.0024484053778922,0.0107168387439814,-0.0029027341569627,0.0032955879069886,152,102,0.40625,target_prevalence,0.003292351531018,0.0028962032113428,0.0003961483196751,0.0006536920817006,0.0005150875240509,0.0420446907827687,0.036039843789254,0.0060048469935147,0.9555555555555554,0.9555555555555554,1.0,1.0,0.5244580696263723,0.5383705964465454,3.142774802828089,3.065724397242043,-0.0770504055860463,1.0763834268345818e-11,False
16,4,0,2026113008,logistic,nominal_50k,TARGET_NOMINAL_50K,identical_across_target_definitions,90000,30000,60000,256,0.4000333333333333,0.5217666666666667,0.3828388749840701,0.5072176323605221,0.8799493133521723,0.8774942041159237,-0.0024551092362485,0.8175505454629672,0.8746893125628266,0.4258553891264938,0.4840682006522629,0.0582128115257691,0.137402621094854,0.1581716159350991,0.0207689948402451,0.877853228367637,0.8733819102544178,-0.0044713181132192,0.4254902325900937,0.4933182754428976,0.0678280428528039,0.0007640806309271,0.0012771370168188,0.0033342818320619,0.0026456552306299,-0.0013685182138111,0.0782745373844462,0.0063791898816288,0.0028583373926402,0.0035341643801688,0.00284502550146,0.0061249025206752,0.0036628998787017,0.0024620026419734,0.0118039869153057,0.000954392847952,0.0007878070781327,0.0062805216822049,122,102,0.5234375,target_prevalence,0.0012091702530795,0.0030123604396675,-0.001803190186588,-0.0015858542001995,0.0004346719727769,0.0181586614849947,0.033348132923617,-0.0151894714386222,1.0,0.9555555555555554,1.0,1.0,0.3953362926200469,0.6783406607783302,3.567445905031652,3.653672012659645,0.0862261076279935,3.1086244689504387e-15,False
16,4,0,2026113008,logistic,real_2018_50k,TARGET_REAL_2018_50K,identical_across_target_definitions,90000,30000,60000,256,0.4000333333333333,0.4066333333333333,0.3828388749840701,0.3905306323339829,0.8799493133521723,0.8792040720989492,-0.000745241253223,0.8175505454629672,0.8191907842464462,0.4258553891264938,0.4280507561965351,0.0021953670700412,0.137402621094854,0.1384108558582518,0.0010082347633978,0.877853228367637,0.8759356111427924,-0.0019176172248446,0.4254902325900937,0.4299236322873211,0.0044333996972274,0.0007640806309271,0.0012771370168188,0.0033342818320619,0.0026456552306299,-0.0013685182138111,0.0782745373844462,0.002721490703153,0.0042439386945207,0.0053716064050459,-0.0026501157018928,0.0030696331464009,0.0048408547761661,-0.0017712216297652,0.0045782504004747,0.0008647310058313,0.0025409310510202,0.0082022817590716,152,102,0.40625,target_prevalence,0.0012091702530795,0.0030123604396675,-0.001803190186588,-0.0015858542001995,0.0004346719727769,0.0181586614849947,0.033348132923617,-0.0151894714386222,1.0,0.9555555555555554,1.0,1.0,0.3953362926200469,0.6783406607783302,3.567445905031652,3.653672012659645,0.0862261076279935,3.1086244689504387e-15,False
16,4,0,2026113008,lightgbm,nominal_50k,TARGET_NOMINAL_50K,identical_across_target_definitions,90000,30000,60000,256,0.4000333333333333,0.5217666666666667,0.3828388749840701,0.5072176323605221,0.8811410626609496,0.88246878892808,0.0013277262671304,0.8247063171155675,0.8834864750585983,0.4221917619046164,0.473177183669721,0.0509854217651045,0.1373466553800592,0.1559800702240172,0.018633414843958,0.8805086599537,0.8775643522128403,-0.0029443077408596,0.4193990062010601,0.482488196515441,0.0630891903143809,0.0005236127724396,-0.0017057331127252,0.00148595380166,0.0010136716706954,-0.0027194047834206,0.0633606670076418,-0.0011210811265277,-0.0005977565427934,-0.0004307529245365,-0.0006903282019911,-0.001062084547434,-0.0002928739768011,-0.0007692105706329,-0.0023796748138591,0.0001375125608037,-0.003372170476225,0.0025106646271519,122,102,0.5234375,target_prevalence,-0.002026714738586,0.0019340239300378,-0.0039607386686238,-0.0033400717260222,0.0012413338852031,0.0146788192262206,0.0198007188306322,-0.0051218996044115,1.0,0.9555555555555554,1.0,0.6666666666666666,0.5425526002956134,0.6187150544394067,3.07732577695308,3.0358861323456976,-0.0414396446073821,1.4532486325435912e-11,False
16,4,0,2026113008,lightgbm,real_2018_50k,TARGET_REAL_2018_50K,identical_across_target_definitions,90000,30000,60000,256,0.4000333333333333,0.4066333333333333,0.3828388749840701,0.3905306323339829,0.8811410626609496,0.8815225670376586,0.000381504376709,0.8247063171155675,0.8306502040462989,0.4221917619046164,0.4226395075845648,0.0004477456799484,0.1373466553800592,0.1374528085721265,0.0001061531920673,0.8805086599537,0.8781381220027542,-0.0023705379509457,0.4193990062010601,0.4243138944258591,0.0049148882247989,0.0005236127724396,-0.0017057331127252,0.00148595380166,0.0010136716706954,-0.0027194047834206,0.0633606670076418,0.0091256104732912,0.0030750837215342,0.0039034766692246,0.0052221338040666,0.0087417120487921,0.0029492493122455,0.0057924627365466,0.0070781522092958,0.0111730687372866,-0.0011857359013306,0.0089926892397799,152,102,0.40625,target_prevalence,-0.002026714738586,0.0019340239300378,-0.0039607386686238,-0.0033400717260222,0.0012413338852031,0.0146788192262206,0.0198007188306322,-0.0051218996044115,1.0,0.9555555555555554,1.0,0.6666666666666666,0.5425526002956134,0.6187150544394067,3.07732577695308,3.0358861323456976,-0.0414396446073821,1.4532486325435912e-11,False
17,4,1,2026113008,logistic,nominal_50k,TARGET_NOMINAL_50K,identical_across_target_definitions,90000,30000,60000,256,0.4000333333333333,0.5217666666666667,0.3828388749840701,0.5072176323605221,0.8798777042298719,0.878087551933032,-0.0017901522968398,0.816937814193895,0.8756055623103485,0.4258535219379802,0.481974083849129,0.0561205619111488,0.1374861244753952,0.1575642254010135,0.0200781009256182,0.8776436099031354,0.8739780647763217,-0.0036655451268137,0.4257905525486886,0.4916369169396272,0.0658463643909386,0.000204846162629,0.0004568127366545,0.0035168958065399,0.0038552831166571,-0.0033984703800026,0.0661560309159041,-0.0018397483597968,0.000261468839909,0.0005086882005284,-0.0023484365603252,-0.001813256482254,0.0005230802624943,-0.0023363367447484,-0.0024049084140445,-0.0012745883055492,0.0002016575452542,0.0008157188558025,122,102,0.5234375,target_prevalence,1.4318367169363633e-05,0.0036631691558054,-0.003648850788636,-0.0035236605843193,0.0002503804086334,0.0235300625153222,0.0415149425184712,-0.017984880003149,1.0,1.0,1.0,1.0,0.5596972477553154,0.1967786832746041,3.600321309469591,3.68548619370984,0.0851648842402488,1.7763568394002505e-15,False
17,4,1,2026113008,logistic,real_2018_50k,TARGET_REAL_2018_50K,identical_across_target_definitions,90000,30000,60000,256,0.4000333333333333,0.4066333333333333,0.3828388749840701,0.3905306323339829,0.8798777042298719,0.8793334282166673,-0.0005442760132046,0.816937814193895,0.8199335464970146,0.4258535219379802,0.4276476452775623,0.0017941233395821,0.1374861244753952,0.1383615454180962,0.000875420942701,0.8776436099031354,0.8763032312055254,-0.0013403786976099,0.4257905525486886,0.4292235087932186,0.0034329562445299,0.000204846162629,0.0004568127366545,0.0035168958065399,0.0038552831166571,-0.0033984703800026,0.0661560309159041,-0.0008149979486022,0.0001717592300972,0.0005056769751833,-0.0013206749237855,-0.0006327702974464,-0.0001205997701777,-0.0005121705272687,0.0001568828575619,-0.0017868787547664,-0.0028344656667423,0.003845819617109,152,102,0.40625,target_prevalence,1.4318367169363633e-05,0.0036631691558054,-0.003648850788636,-0.0035236605843193,0.0002503804086334,0.0235300625153222,0.0415149425184712,-0.017984880003149,1.0,1.0,1.0,1.0,0.5596972477553154,0.1967786832746041,3.600321309469591,3.68548619370984,0.0851648842402488,2.220446049250313e-15,False
17,4,1,2026113008,lightgbm,nominal_50k,TARGET_NOMINAL_50K,identical_across_target_definitions,90000,30000,60000,256,0.4000333333333333,0.5217666666666667,0.3828388749840701,0.5072176323605221,0.8813777644203298,0.8823763609853842,0.0009985965650544,0.8261694430403745,0.8832514056251104,0.4217463081948174,0.4724034840075095,0.050657175812692,0.1371918904113178,0.1555332315206211,0.0183413411093032,0.8806913378738851,0.8773902409051901,-0.0033010969686949,0.4190046541991539,0.48189919288373,0.0628945386845761,0.0004749474573622,0.00676119807982,0.000196365006334,0.0009586175197368,0.0058025805600832,0.0671515244139293,0.0090936474322702,-4.36322315308102e-05,0.0008326258242385,0.0082610216080316,0.0088561003483531,0.0007527972098759,0.0081033031384771,0.0141613185558359,0.0040259763087046,0.002535636263975,-0.0008703846154978,122,102,0.5234375,target_prevalence,0.0071013850849737,0.0004518067752322,0.0066495783097414,0.0062260794349123,-0.0008469977496582,0.034518295609099,0.0198911726039562,0.0146271230051427,0.9555555555555554,0.9555555555555554,0.6666666666666666,0.6666666666666666,0.6849772786800167,0.7549814172433105,2.9281447164141268,3.104057550822364,0.175912834408237,1.3143763855083536e-11,False
17,4,1,2026113008,lightgbm,real_2018_50k,TARGET_REAL_2018_50K,identical_across_target_definitions,90000,30000,60000,256,0.4000333333333333,0.4066333333333333,0.3828388749840701,0.3905306323339829,0.8813777644203298,0.8817219320986447,0.0003441676783149,0.8261694430403745,0.8303290371857343,0.4217463081948174,0.422557661817022,0.0008113536222045,0.1371918904113178,0.1373834497090294,0.0001915592977115,0.8806913378738851,0.8784728774761768,-0.0022184603977083,0.4190046541991539,0.4239401755334526,0.0049355213342986,0.0004749474573622,0.00676119807982,0.000196365006334,0.0009586175197368,0.0058025805600832,0.0671515244139293,0.0032710081696276,-0.0019014174884521,-0.0002276513108573,0.003498659480485,0.0023433700576451,-0.0008539392187966,0.0031973092764418,-0.0016763950942787,0.0082184114335339,-0.0035678534865334,0.0031125508648186,152,102,0.40625,target_prevalence,0.0071013850849737,0.0004518067752322,0.0066495783097414,0.0062260794349123,-0.0008469977496582,0.034518295609099,0.0198911726039562,0.0146271230051427,0.9555555555555554,0.9555555555555554,0.6666666666666666,0.6666666666666666,0.6849772786800167,0.7549814172433105,2.9281447164141268,3.104057550822364,0.175912834408237,1.3143763855083536e-11,True
18,4,2,2026113008,logistic,nominal_50k,TARGET_NOMINAL_50K,identical_across_target_definitions,90000,30000,60000,256,0.4000333333333333,0.5217666666666667,0.3828388749840701,0.5072176323605221,0.8794652342039815,0.8784873562893689,-0.0009778779146125,0.8165377158960706,0.8759259309050683,0.4267141772335333,0.4820700442437535,0.0553558670102202,0.1376587987601777,0.1575421385229437,0.019883339762766,0.8778118865460496,0.8743189511747917,-0.0034929353712578,0.4257670981726082,0.4916323918214375,0.0658652936488292,0.0007667796300416,0.0066785271798793,0.0073884970379325,0.0078051857719453,-0.0011266585920659,0.0590058826460848,6.583659853598434e-05,0.0020144012097231,0.001671830960869,-0.001605994362333,6.150127114142208e-05,0.0014714095486339,-0.0014099082774924,0.0001583235829533,-2.665038588134383e-05,0.0059474877552182,-0.0026038258334801,122,102,0.5234375,target_prevalence,0.0049978342299099,0.0068487809067074,-0.0018509466767975,-0.0014888026344317,0.0007242880847315,0.0403069540931306,0.0499927099640792,-0.0096857558709486,0.9555555555555554,0.9555555555555554,1.0,1.0,0.3739331801901999,0.0394729052070373,3.754838342006479,3.676798327084837,-0.0780400149216413,2.664535259100376e-15,False
18,4,2,2026113008,logistic,real_2018_50k,TARGET_REAL_2018_50K,identical_across_target_definitions,90000,30000,60000,256,0.4000333333333333,0.4066333333333333,0.3828388749840701,0.3905306323339829,0.8794652342039815,0.8799849853605775,0.0005197511565959,0.8165377158960706,0.8205472368777006,0.4267141772335333,0.4265842200268406,-0.0001299572066926,0.1376587987601777,0.1379628885636908,0.0003040898035131,0.8778118865460496,0.8768195830365796,-0.0009923035094699,0.4257670981726082,0.4283300775843052,0.0025629794116969,0.0007667796300416,0.0066785271798793,0.0073884970379325,0.0078051857719453,-0.0011266585920659,0.0590058826460848,0.0003691931840505,-0.0024985162659465,-0.0024614117536709,0.0028306049377215,0.0004295189134399,-0.0024915841855138,0.0029211030989537,0.0006909304074604,4.745596064059665e-05,-0.002622331390166,-0.0023004921171758,152,102,0.40625,target_prevalence,0.0049978342299099,0.0068487809067074,-0.0018509466767975,-0.0014888026344317,0.0007242880847315,0.0403069540931306,0.0499927099640792,-0.0096857558709486,0.9555555555555554,0.9555555555555554,1.0,1.0,0.3739331801901999,0.0394729052070373,3.754838342006479,3.676798327084837,-0.0780400149216413,2.664535259100376e-15,False
18,4,2,2026113008,lightgbm,nominal_50k,TARGET_NOMINAL_50K,identical_across_target_definitions,90000,30000,60000,256,0.4000333333333333,0.5217666666666667,0.3828388749840701,0.5072176323605221,0.8820156865180395,0.8826198691367944,0.0006041826187548,0.826896567106346,0.8835867657760862,0.4208892826945977,0.472098488690942,0.0512092059963443,0.1367503828481299,0.1554253524734353,0.0186749696253054,0.8817648578800932,0.8777721911718896,-0.0039926667082035,0.4175936350795486,0.4816757924643762,0.0640821573848275,0.0006405840608156,0.0063681915079959,0.0057519235988295,0.0073468816192329,-0.0009786901112369,0.0677677648274464,0.0112021877886643,0.0037761189348289,0.0054743082971487,0.0057278794915155,0.0108437290833846,0.0052228481156831,0.0056208809677015,0.018849306834632,0.0035550687426967,0.0108387921684159,0.0001098244258815,122,102,0.5234375,target_prevalence,0.0055818032071345,0.0043345855901995,0.001247217616935,0.000134263752849,-0.0022259077281719,0.0229851374490737,0.0230542017013434,-6.906425226970922e-05,1.0,0.9555555555555554,1.0,1.0,0.4027027650798827,0.7507091669921034,2.8906899748565174,3.0318014762004823,0.141111501343965,2.6145308140712583e-11,False
18,4,2,2026113008,lightgbm,real_2018_50k,TARGET_REAL_2018_50K,identical_across_target_definitions,90000,30000,60000,256,0.4000333333333333,0.4066333333333333,0.3828388749840701,0.3905306323339829,0.8820156865180395,0.8821831189337316,0.000167432415692,0.826896567106346,0.8306486790815295,0.4208892826945977,0.421811576353271,0.0009222936586732,0.1367503828481299,0.1370177854251108,0.0002674025769809,0.8817648578800932,0.8787003368430037,-0.0030645210370894,0.4175936350795486,0.4236496838481121,0.0060560487685634,0.0006405840608156,0.0063681915079959,0.0057519235988295,0.0073468816192329,-0.0009786901112369,0.0677677648274464,-0.0010920720331313,-0.0027536996975124,-0.0020881055232818,0.0009960334901504,-0.0013506180592203,-0.0022081222179088,0.0008575041586885,-0.0024709841722723,0.0002868401060095,-0.0027281945612923,-0.0014480164852713,152,102,0.40625,target_prevalence,0.0055818032071345,0.0043345855901995,0.001247217616935,0.000134263752849,-0.0022259077281719,0.0229851374490737,0.0230542017013434,-6.906425226970922e-05,1.0,0.9555555555555554,1.0,1.0,0.4027027650798827,0.7507091669921034,2.8906899748565174,3.0318014762004823,0.141111501343965,2.6145308140712583e-11,False
19,4,3,2026113008,logistic,nominal_50k,TARGET_NOMINAL_50K,identical_across_target_definitions,90000,30000,60000,256,0.4000333333333333,0.5217666666666667,0.3828388749840701,0.5072176323605221,0.8801962092728729,0.8781868501180978,-0.002009359154775,0.8166730956656066,0.8749969585024574,0.4256126045164815,0.4848904219014052,0.0592778173849237,0.1373079173246926,0.1585006616022768,0.0211927442775842,0.8784828528692404,0.8739192070625366,-0.0045636458067038,0.4247749990024381,0.4949306629829004,0.0701556639804623,0.0006306722990595,0.0002069530549307,0.0022670612896845,0.0022005523558785,-0.0019935993009477,0.0650802961848752,0.0001695904894311,-0.0033235750866396,-0.0031619297696268,0.003331520259058,0.0001473722510185,-0.0031922528204645,0.0033396250714831,0.000643579575567,-0.0003043985967047,-0.0025150380184226,-0.003808821520831,122,102,0.5234375,target_prevalence,-0.0004267116272832,0.0013973474998308,-0.0018240591271141,-0.0019088292140309,-0.0001695401738336,0.0340673761037341,0.0340155116051695,5.18644985645772e-05,0.9555555555555554,0.9555555555555554,1.0,1.0,0.5419971584033112,0.1118068961014426,3.63533790916281,3.5128558334455176,-0.122482075717293,2.664535259100376e-15,False
19,4,3,2026113008,logistic,real_2018_50k,TARGET_REAL_2018_50K,identical_across_target_definitions,90000,30000,60000,256,0.4000333333333333,0.4066333333333333,0.3828388749840701,0.3905306323339829,0.8801962092728729,0.8795347112678109,-0.0006614980050619,0.8166730956656066,0.819293262914865,0.4256126045164815,0.4274691403630859,0.0018565358466044,0.1373079173246926,0.1381873783235866,0.0008794609988939,0.8784828528692404,0.8763182369772615,-0.0021646158919789,0.4247749990024381,0.4293116983177997,0.0045366993153616,0.0006306722990595,0.0002069530549307,0.0022670612896845,0.0022005523558785,-0.0019935993009477,0.0650802961848752,-0.0027071101308602,-0.0002479550163879,0.0004876315597009,-0.0031947416905611,-0.0028296790305204,0.0009960396393851,-0.0038257186699055,-0.0033608109290479,-0.0020534093326725,0.0031991413180164,-0.0022238781986145,152,102,0.40625,target_prevalence,-0.0004267116272832,0.0013973474998308,-0.0018240591271141,-0.0019088292140309,-0.0001695401738336,0.0340673761037341,0.0340155116051695,5.18644985645772e-05,0.9555555555555554,0.9555555555555554,1.0,1.0,0.5419971584033112,0.1118068961014426,3.63533790916281,3.5128558334455176,-0.122482075717293,2.664535259100376e-15,False
19,4,3,2026113008,lightgbm,nominal_50k,TARGET_NOMINAL_50K,identical_across_target_definitions,90000,30000,60000,256,0.4000333333333333,0.5217666666666667,0.3828388749840701,0.5072176323605221,0.8816629277967415,0.8823467170278273,0.0006837892310858,0.8259914961389163,0.88358293180815,0.4212889699099393,0.4728298112436523,0.051540841333713,0.1369010370585051,0.1554482248448568,0.0185471877863516,0.8814378611511048,0.8775050979665509,-0.0039327631845539,0.4179217082600439,0.4823526361598138,0.0644309278997698,0.0003526777050297,0.0008403616258906,0.0044515043821972,0.0060617179703945,-0.0052213563445039,0.0632369762939052,-0.0004041997257705,-0.0002327511117569,0.0009113022287426,-0.0013155019545131,-0.0004617787838003,0.0010456154830407,-0.001507394266841,0.0008241535121983,-0.0016325529637394,-0.0019540471962831,0.0037766516537683,122,102,0.5234375,target_prevalence,0.000923840254265,0.0035946783248897,-0.0026708380706247,-0.0039460972075643,-0.0025505182738791,0.0194856827775104,0.0354711788852015,-0.0159854961076911,0.9555555555555554,0.9555555555555554,1.0,1.0,0.4394463067423939,0.2562090670949982,3.000138864779313,3.0222961626269966,0.0221572978476838,1.8405721391445692e-11,False
19,4,3,2026113008,lightgbm,real_2018_50k,TARGET_REAL_2018_50K,identical_across_target_definitions,90000,30000,60000,256,0.4000333333333333,0.4066333333333333,0.3828388749840701,0.3905306323339829,0.8816629277967415,0.8816465916953402,-1.6336101401281944e-05,0.8259914961389163,0.8305680009333313,0.4212889699099393,0.422498932981426,0.0012099630714866,0.1369010370585051,0.1373409334946359,0.0004398964361308,0.8814378611511048,0.8783368035808147,-0.0031010575702901,0.4179217082600439,0.4240587452758896,0.0061370370158457,0.0003526777050297,0.0008403616258906,0.0044515043821972,0.0060617179703945,-0.0052213563445039,0.0632369762939052,0.0009149168874867,0.00055988695231,0.00082222191582,9.269497166669582e-05,0.0015128374503922,0.0001813099046564,0.0013315275457357,0.0041038265563162,-0.0022739927813427,-0.0025959754770522,0.0042404193086923,152,102,0.40625,target_prevalence,0.000923840254265,0.0035946783248897,-0.0026708380706247,-0.0039460972075643,-0.0025505182738791,0.0194856827775104,0.0354711788852015,-0.0159854961076911,0.9555555555555554,0.9555555555555554,1.0,1.0,0.4394463067423939,0.2562090670949982,3.000138864779313,3.0222961626269966,0.0221572978476838,1.8405721391445692e-11,False
